GLOSS	AMBIGUITY	COVERAGE	SOURCES
Adam's apple		1	TBL
April		1	ZMYYC
April (chicken month)		1	ZMYYC
August		1	ZMYYC
August (bovine month)		1	ZMYYC
Buddha		1	TBL
Chinese		1	ZMYYC
Chinese (Han)		1	TBL
December		1	ZMYYC
December (snake month)		1	ZMYYC
February (lit. 'second month')		1	TBL
February (sheep month)		1	ZMYYC
God		1	GEM-CNL
January (horse month)		1	ZMYYC
January (year in which New Year is celebrated)		1	TBL
Job's tears (coix)		1	GEM-CNL
July		1	ZMYYC
July (rat month)		1	ZMYYC
June		1	ZMYYC
June (pig month)		1	ZMYYC
March		1	ZMYYC
March (monkey month)		1	ZMYYC
May		1	ZMYYC
May (dog month)		1	ZMYYC
Monday		1	TBL
NEG		1	ZMYYC
NEG+copula		1	ZMYYC
NEG+have		1	ZMYYC
New Year's Day		1	TBL
New Year's Day (in Burmese system, around April)		1	TBL
November		1	ZMYYC
November (dragon)		1	ZMYYC
October		1	ZMYYC
October (rabbit month)		1	ZMYYC
September		1	ZMYYC
September (tiger month)		1	ZMYYC
Tibetan		1	TBL
Tibetan (called 'Gami' locally)		1	TBL
Tibetan (from Tibet (Xizang))		1	TBL
Tibetan (of Pumi language)		1	TBL
Tuesday		1	TBL
accomplish / succeed		1	TBL
accumulate		1	TBL
accustomed to, be / habit of, ha		1	TBL
ache (head)		1	TBL
acre		1	ZMYYC
add water		1	TBL
admire and envy		1	TBL
admit		1	TBL
adult		1	TBL
adult (female)		1	TBL
adult (male)		1	TBL
advantage / benefit		1	TBL
affectionate / intimate		1	TBL
afraid, be		1	TBL
again		1	ZMYYC
again;again		1	ZMYYC
age		1	TBL
agree / consent		1	TBL
agree on / arrange		1	TBL
air		1	TBL
air; breath		1	TBL
airplane		1	ZMYYC
alcoholic beverage		1	TBL
alcoholic beverage (corn)		1	TBL
alcoholic beverage (highland barley)		1	TBL
alcoholic beverage (sorghum / maize)		1	TBL
alcoholic beverage (yellow rice / millet / Shaoxing)		1	TBL
alive		1	ZMYYC
alive, become / active		1	TBL
alive, become / active (people)		1	TBL
alkali / soda		1	TBL
all / even		1	ZMYYC
all / everything		1	TBL
all / whole, the		1	TBL
alone		1	TBL
also		1	ZMYYC
alter		1	TBL
aluminum		1	TBL
among		1	GEM-CNL
ancestors / forebears		1	TBL
ancient times, in		1	TBL
and		1	GEM-CNL
angry, be / take offense		1	TBL
animal		1	GEM-CNL
animal / beast		1	TBL
animal / beast (carnivore)		1	TBL
animal / beast (herbivore)		1	TBL
animals (twelve) (different system but analogous)		1	TBL
animals (twelve) representing the twelve years		1	TBL
answer / reply		1	TBL
ant (black)		1	GEM-CNL
ant (generic)		1	GEM-CNL
ant (red)		1	GEM-CNL
ant (white), termite		1	GEM-CNL
anus		1	TBL
apply (ointment)		1	TBL
apron		1	TBL
arm (forearm and postbrachium)		1	TBL
arm (upper)		1	ZMYYC
armlet		1	GEM-CNL
army		1	ZMYYC
arrive (2nd / 3rd person singular)		1	TBL
arrive;arr. throughout the yr		1	ZMYYC
arrogant / conceited		1	TBL
arrow (poison, bamboo)		1	TBL
arrow (poison, with iron clusters)		1	TBL
ask (a question)		1	GEM-CNL
ask / inquire		1	ZMYYC
ask / question		1	TBL
ask for		1	GEM-CNL
ask s.b. to come here / fetch		1	TBL
askew / awry / slanting		1	TBL
asleep, fall		1	TBL
assemble / muster (a team)		1	TBL
assess / estimate		1	TBL
astringent		1	TBL
at		1	GEM-CNL
at the bottom of (a hill)		1	TBL
audit (accounts)		1	TBL
aunt		1	GEM-CNL
aunt (father's elder sister)		1	ZMYYC
aunt (mater., older than mom)		1	ZMYYC
aunt (maternal)		1	ZMYYC
aunt (mother's elder sister)		1	ZMYYC
aunt (paternal)		1	ZMYYC
aunt (paternal) direct address		1	ZMYYC
aunt (paternal, elder)		1	ZMYYC
aunt (paternal, elder)(direct)		1	ZMYYC
aunt (paternal, elder)(ref)		1	ZMYYC
aunt (wife of maternal uncle)		1	ZMYYC
aunt (wife of younger paternal		1	ZMYYC
aunt <father's older sister>		1	TBL
aunt <father's sister>		1	TBL
aunt <father's sister> (= 'wife of f's o. bro')		1	TBL
aunt <father's younger sister>		1	TBL
aunt <mother's brother's wife>		1	TBL
aunt <mother's older brother's wife>		1	TBL
aunt <mother's older sister>		1	TBL
aunt <mother's sister>		1	TBL
aunt <mother's sister> (= wife of mom's bro)		1	TBL
aunt <mother's younger brother's wife>		1	TBL
aunt <mother's younger sister>		1	TBL
aunt <wife of father's elder brother>		1	TBL
aunt <wife of father's elder brother> (address)		1	TBL
aunt <wife of father's younger brother>		1	TBL
autonym		1	ZMYYC
autonym (Burmese)		1	ZMYYC
autonym; autonym (ancient)		1	ZMYYC
autumn		1	ZMYYC
avoid certain food (because of		1	TBL
awake / awaken		1	GEM-CNL
awl		1	TBL
awn of wheat		1	TBL
ax		1	ZMYYC
baa / bleat		1	TBL
back	n,n/adv	1	TBL
back (body)		1	GEM-CNL
back (direction)		1	ZMYYC
back (of body)		1	ZMYYC
back / waist		1	ZMYYC
back up / retreat		1	TBL
bad (things)		1	TBL
bad (words)		1	TBL
bag		1	GEM-CNL
bald / bare		1	TBL
bald / bare (head)		1	TBL
bald / bare (lit. 'bald mountain package')		1	TBL
bald / bare (mountain)		1	TBL
bald / bare (tail)		1	TBL
baldhead		1	TBL
ball		1	ZMYYC
bamboo (thick, coarse)		1	TBL
bamboo (thin, fine)		1	TBL
bamboo bucket		1	ZMYYC
bamboo shoot		1	ZMYYC
ban / forbid / prohibit		1	TBL
banana		1	GEM-CNL
banana (plantain)		1	TBL
bank		1	ZMYYC
bank (edge)		1	GEM-CNL
bark (of tree)		1	GEM-CNL
barley (Tibetan)		1	ZMYYC
barley (highland)		1	TBL
barrel / pail / bucket		1	ZMYYC
barrel / pail / bucket for water		1	ZMYYC
basket (back, man's)		1	GEM-CNL
basket (back, woman's)		1	GEM-CNL
basket (bamboo, large)		1	ZMYYC
basket (generic)		1	GEM-CNL
basket (large, storage)		1	GEM-CNL
basket carried on the back		1	TBL
basket carried on the back (dense strips)		1	TBL
basket carried on the back (dense, uniform-sized)		1	TBL
basket carried on the back (sharp-bottomed)		1	TBL
basket carried on the back (sparse strips )		1	TBL
basket carried on the back (sparse strips)		1	TBL
basket carried on the back (square-mouthed)		1	TBL
basketful (of vegetable)		1	TBL
basketful (of vegetable) (carried on back)		1	TBL
bat (animal)		1	GEM-CNL
bathe		1	ZMYYC
be (1st person)		1	TBL
be (3rd person)		1	TBL
be (in the house)		1	TBL
be / copula		1	ZMYYC
bead		1	GEM-CNL
beam (of building)		1	TBL
beam (of building) (big)		1	TBL
beam (of building) (small)		1	TBL
bean		1	GEM-CNL
bean (broad)		1	TBL
beans		1	ZMYYC
bear (animal)		1	GEM-CNL
beard / moustache / goatee		1	TBL
beard / moustache / goatee (chin)		1	TBL
beat		1	GEM-CNL
beat / thump		1	TBL
beautiful / pleasant to the eyes		1	TBL
beautiful, grow to be		1	TBL
because		1	GEM-CNL
become		1	GEM-CNL
become worn through (clothing)		1	TBL
bed (with bedding)		1	TBL
bed (without bedding)		1	TBL
beetle		1	GEM-CNL
before		1	GEM-CNL
before; at; to		1	GEM-CNL
beg (for food)		1	TBL
beggar		1	TBL
begin (caus.)		1	ZMYYC
beginning of a month		1	TBL
belch		1	TBL
believe / trust		1	TBL
bell (copper)		1	TBL
bell (hung in a temple)		1	TBL
bell (iron, hung over necks of draught animals)		1	TBL
bell (small)		1	TBL
bellows		1	GEM-CNL
belly (outside part of body)		1	ZMYYC
bellyband		1	TBL
bellyband (front part of belly)		1	TBL
below / under		1	TBL
belows		1	GEM-CNL
belt (for weaving)		1	GEM-CNL
belt (girdle)		1	GEM-CNL
belt / girdle		1	TBL
belt / girdle (hard)		1	TBL
belt / girdle (soft)		1	TBL
bend		1	TBL
bend at the waist		1	TBL
bet		1	TBL
betel (leaf)		1	GEM-CNL
betel (nut)		1	GEM-CNL
between		1	GEM-CNL
big / large		1	TBL
billion		1	TBL
bind		1	GEM-CNL
bind / tie up		1	TBL
birth, give (polite term)		1	ZMYYC
birth, give (taboo)		1	ZMYYC
birth, give to		1	TBL
birth, give to (piglets)		1	TBL
birth, give; give birth (animal)		1	ZMYYC
birthday		1	TBL
bit (for horse)		1	TBL
bite (mosquito)		1	TBL
bite (of draught animals, wild animals)		1	TBL
bite (of snakes)		1	TBL
bite(snake, rat); bite(by dog)		1	ZMYYC
bitter (N)		1	ZMYYC
black (of faces)		1	TBL
black bovine		1	ZMYYC
blacksmith		1	TBL
blade (of grass)		1	TBL
blanket (felt)		1	TBL
bless		1	GEM-CNL
blind		1	GEM-CNL
blind person (both eyes)		1	TBL
blind person (half-blind)		1	TBL
blind person (one eye)		1	TBL
blind, be		1	TBL
blind, be (acquired / postnatally)		1	TBL
blind, be (congenitally)		1	TBL
blink / wink		1	TBL
blissful		1	TBL
bloated, feel (of the stomach)		1	TBL
block (the wind)		1	TBL
block / obstruct		1	TBL
block / obstruct (by a rock)		1	TBL
block / obstruct (by a thorn)		1	TBL
block up / plug		1	TBL
bloom		1	ZMYYC
blossom (of flowers)		1	TBL
blow		1	GEM-CNL
blow (of wind)		1	ZMYYC
blow (one's nose)		1	TBL
blow (the trumpet)		1	TBL
blow (whirlwind)		1	TBL
blow (wind)		1	TBL
blow away (a speck of dust)		1	TBL
blow on fire, blow flute		1	ZMYYC
blow with mouth		1	ZMYYC
blue (lit. 'sky color')		1	TBL
blunt / dull		1	TBL
boar (wild)		1	TBL
board / plank		1	ZMYYC
boat / ship		1	TBL
boat / ship (cowhide)		1	TBL
boat / ship (wooden)		1	TBL
boatman		1	TBL
body (back)		1	TBL
body (front)		1	TBL
boil (rice); boil (water)		1	ZMYYC
boiling, be (water)		1	TBL
bolt (of cloth)		1	TBL
bolt (the door)		1	TBL
book (TibStyle);book(newstyle)		1	ZMYYC
book (Tibetan style long strips)		1	TBL
book (published using modern printing)		1	TBL
boot		1	TBL
boot (made of 'pulu', Tibetan woolen fabric)		1	TBL
bore / drill (a hole)		1	TBL
bored		1	TBL
borrow (money)		1	TBL
borrow (tools)		1	TBL
borrow / lend		1	ZMYYC
borrow / lend (money);(things)		1	ZMYYC
borrow / lend thing		1	ZMYYC
borrow / lend;borrow / lend thing		1	ZMYYC
bothersome / disagreeable		1	TBL
bottle (of wine)		1	TBL
boundary line / demarcation line		1	TBL
bovine		1	ZMYYC
bow (for arrow)		1	TBL
bow (for shooting)		1	GEM-CNL
bow (weapon)		1	ZMYYC
bow and arrow;bow (weapon)		1	ZMYYC
bowl (of cooked rice)		1	TBL
bowl (of tobacco)		1	TBL
bowl (of tobacco) (lit. 'pole / shaft')		1	TBL
bowl (porcelain)		1	TBL
bowl (tea)		1	TBL
bowl (wooden)		1	TBL
bowl, wooden		1	ZMYYC
bowl; wooden, porcelain		1	ZMYYC
box		1	GEM-CNL
box / case		1	TBL
box / chest		1	GEM-CNL
boy		1	GEM-CNL
braid		1	ZMYYC
braid / plait		1	TBL
braid / plait (female's)		1	TBL
brain		1	GEM-CNL
brains		1	TBL
bran		1	ZMYYC
branch / twig		1	TBL
brave		1	GEM-CNL
bray		1	TBL
bread		1	GEM-CNL
break (rope, etc.)		1	ZMYYC
break (thunderbolt)		1	TBL
break (v.i. of rope, etc.)		1	ZMYYC
break / smash (a bowl)		1	TBL
break / snap (stick)		1	TBL
break to pieces (grain)		1	TBL
break up (meeting) / end		1	TBL
break up / scatter		1	TBL
break(vi,rope);break (vi,stick		1	ZMYYC
breakfast		1	ZMYYC
breast; milk		1	ZMYYC
breastfeed / suckle		1	TBL
breath		1	TBL
breathe		1	GEM-CNL
breathe (exhale)		1	TBL
bride		1	GEM-CNL
bridge (general)		1	ZMYYC
bridge (made of a few pieces of wood)		1	TBL
bridge (small)		1	TBL
bridge (vine)		1	TBL
bring		1	GEM-CNL
bring up (children)		1	TBL
brinjal (bengan, eggplant)		1	GEM-CNL
bro (younger)direct / general		1	ZMYYC
bro (younger)used by elder bro		1	ZMYYC
broad		1	GEM-CNL
broken (bowls)		1	TBL
broken, be (bowls)		1	TBL
brother (elder) (direct)		1	ZMYYC
brothers		1	TBL
brothers (also 'sisters', 'brothers and sisters')		1	TBL
brush		1	ZMYYC
bucket		1	TBL
bucket (for carrying water on back)		1	TBL
bucket (of water)		1	TBL
bucket (red copper)		1	TBL
buckle / button up		1	TBL
buckle up / fasten (a belt)		1	TBL
buckwheat		1	TBL
buckwheat (bitter)		1	ZMYYC
buckwheat (flower)		1	TBL
buckwheat (tartary, hulless, duck wheat)		1	TBL
buckwheat; buckwheat (sweet)		1	ZMYYC
bud (of crops)		1	ZMYYC
bug		1	GEM-CNL
build		1	GEM-CNL
build (stove) by laying bricks, stones, etc.		1	TBL
build (wall) by laying bricks, stones, etc.		1	TBL
build by laying bricks, stones, etc.		1	TBL
building		1	TBL
bull; cow		1	ZMYYC
bully / treat s.b. rough		1	TBL
bunch / bundle (of vegetable)		1	TBL
bundle / sheaf		1	TBL
burn the grass on wasteland		1	TBL
burnt / scorched		1	TBL
bury (something)		1	ZMYYC
bush		1	GEM-CNL
busy		1	TBL
but		1	GEM-CNL
butter		1	TBL
button		1	TBL
by means of		1	GEM-CNL
cabbage (Chinese)		1	ZMYYC
calf (bull-yak crossbreed)		1	TBL
calf (common or bull-yak crossbreed)		1	TBL
calf (common)		1	TBL
calf (of cow)		1	GEM-CNL
calf (of leg)		1	GEM-CNL
calf (yak)		1	TBL
calf;thigh		1	ZMYYC
call so.; cry out		1	ZMYYC
call together / convene		1	TBL
called, be / named		1	TBL
called, be / named (lit. = copula)		1	TBL
camel		1	TBL
can		1	TBL
candle		1	ZMYYC
cane		1	GEM-CNL
cane / vine		1	TBL
cane / vine (black)		1	TBL
cane / vine (for making rattan chairs)		1	TBL
cane / vine (herba fibraureae recisae)		1	TBL
cane / vine (tendrilled)		1	TBL
cannon		1	ZMYYC
cape (for rain, of straw or palm bark)		1	TBL
capital / principal		1	TBL
car		1	ZMYYC
careful / attentive		1	TBL
careful, be / cautious		1	TBL
carry (a child) on the back)		1	TBL
carry (generic)		1	GEM-CNL
carry (in hand)		1	GEM-CNL
carry (loads; of pack animals)		1	TBL
carry (money) on one		1	TBL
carry (on back)		1	GEM-CNL
carry (sthg.) with a pole on t		1	TBL
carry on a pole (two people)		1	ZMYYC
carry on back		1	ZMYYC
carry on shoulder		1	ZMYYC
carrytowardspkr;carryfromspkr		1	ZMYYC
carve / engrave		1	TBL
cast		1	ZMYYC
castrate		1	ZMYYC
castrate (cocks)		1	TBL
catch (fire) / be (on fire)		1	TBL
catch (fire) / be (on fire) (a house)		1	TBL
catch (fire) / be (on fire) (on mountain)		1	TBL
catch / capture		1	TBL
catch cold		1	TBL
caterpillar		1	GEM-CNL
cattle (bull-yak crossbreed)		1	TBL
cattle (bull-yak crossbreed, female)		1	TBL
cattle (bull-yak crossbreed, male)		1	TBL
cattle (common, female)		1	TBL
cattle (common, male)		1	TBL
catty=500 grams		1	ZMYYC
cave (mountain)		1	TBL
cave / hole		1	TBL
cave in / sink		1	TBL
celebrate (the New Year)		1	TBL
celebrate new year		1	ZMYYC
celestial being		1	TBL
certainly		1	ZMYYC
chaff		1	GEM-CNL
chaff / bran		1	TBL
chaff / bran (highland barley)		1	TBL
chaff / bran (wheat)		1	TBL
change		1	TBL
change / transform		1	ZMYYC
change;		1	ZMYYC
chaotic / disorderly / messy		1	TBL
character / word		1	TBL
charcoal (live)		1	TBL
charcoal (live) (burned out by wood)		1	TBL
charge / sprint (in the front)		1	TBL
chase / run after		1	ZMYYC
chase after		1	TBL
chat		1	TBL
cheat / swindle		1	ZMYYC
chess		1	TBL
chest / box / trunk		1	TBL
chestnut (Chinese)		1	TBL
chick		1	TBL
chick (newly hatched)		1	TBL
chief		1	GEM-CNL
chillie		1	GEM-CNL
chime		1	TBL
chip (the rim)		1	TBL
chipped		1	ZMYYC
chisel		1	TBL
chisel (round)		1	TBL
chisel (square)		1	TBL
chisel / bore (a hole)		1	TBL
choke		1	ZMYYC
choose		1	GEM-CNL
choose / pick		1	TBL
chop (firewood)		1	TBL
chop (firewood, bamboo)		1	TBL
chop (tree)		1	ZMYYC
chop (wood)		1	TBL
chop / cut (meat)		1	TBL
chop / hew		1	TBL
chop down (trees)		1	TBL
chopsticks (term used by old people)		1	TBL
chopsticks (term used by younger people)		1	TBL
chopsticks for fire		1	ZMYYC
cigarette / tobacco		1	TBL
circle / circular		1	TBL
circle / circular (planar)		1	TBL
circle / circular (spherical)		1	TBL
circle / circular (tubular)		1	TBL
circle / hover / wheel		1	TBL
city		1	ZMYYC
clarify / clear up		1	TBL
classifier for age		1	TBL
classifier for age of animals		1	TBL
classifier for age of animals (cows)		1	TBL
classifier for age of animals (horses)		1	TBL
classifier for animals		1	ZMYYC
classifier for birds		1	TBL
classifier for books		1	TBL
classifier for bowls		1	TBL
classifier for bridges		1	TBL
classifier for brooms		1	TBL
classifier for clothes		1	ZMYYC
classifier for e.g. bowls		1	ZMYYC
classifier for eggs		1	TBL
classifier for flags		1	TBL
classifier for flags (lit. 'pole / shaft')		1	TBL
classifier for flowers		1	TBL
classifier for garments		1	TBL
classifier for grains		1	ZMYYC
classifier for knives		1	TBL
classifier for leaves		1	TBL
classifier for letters		1	TBL
classifier for long objects		1	ZMYYC
classifier for long, thin obje		1	ZMYYC
classifier for objects with ha		1	ZMYYC
classifier for one of a pair		1	TBL
classifier for pens		1	TBL
classifier for river		1	TBL
classifier for rocks, stones		1	TBL
classifier for rooms		1	TBL
classifier for rope		1	TBL
classifier for songs		1	TBL
classifier for sticks		1	TBL
classifier for sticks (big)		1	TBL
classifier for sticks (small)		1	TBL
classifier for two birds		1	TBL
classifier for two books		1	TBL
claw / talon		1	TBL
claw / talon (chicken's rear claws)		1	TBL
clay		1	GEM-CNL
clear / lucid		1	TBL
clear, be (weather) / sunny		1	TBL
clever		1	TBL
cliffy / precipitous		1	TBL
climb		1	GEM-CNL
climb (a mountain)		1	TBL
climb up (a tree)		1	TBL
clock		1	GEM-CNL
close (a book)		1	TBL
close (an umbrella)		1	TBL
close (eye)		1	ZMYYC
close (eye); close (door)		1	ZMYYC
close (the door)		1	TBL
close (the mouth)		1	TBL
close (the mouth) lightly		1	TBL
cloth (Tibetan, woollen)		1	TBL
cloth (colorful, worn on the head)		1	TBL
cloth (colorful, worn on the head) (for women)		1	TBL
cloth (woollen)		1	TBL
cloth (woollen) (tweed native to area)		1	TBL
clothing / garment		1	TBL
cloudy		1	ZMYYC
cloudy (V)		1	ZMYYC
cloudy, be (sky) / overcast		1	TBL
clumsy / awkward		1	TBL
coat		1	GEM-CNL
coax / fool		1	TBL
cockscomb		1	TBL
cold (water)		1	TBL
cold (water;food)		1	ZMYYC
cold (weather)		1	TBL
cold (weather, water)		1	TBL
collapse		1	ZMYYC
collapse / cave in / fall down		1	TBL
collar		1	TBL
collide / run into		1	TBL
color		1	TBL
come (1sg)		1	TBL
come (future)		1	TBL
come (imperative)		1	TBL
come (of rain, people)		1	ZMYYC
come (past)		1	TBL
come back;go back		1	ZMYYC
come loose (shoelace)		1	TBL
come out		1	TBL
come out (future)		1	TBL
come out (past)		1	TBL
come out (the sun)		1	TBL
commend / praise		1	TBL
common people		1	TBL
compare		1	TBL
compare ('than'--functor)		1	TBL
compensate		1	TBL
complain about s.b. to his sup		1	TBL
complete, be		1	TBL
conduit (open, for water)		1	TBL
conform (cause to) / satisfy		1	TBL
connect		1	ZMYYC
connect / join		1	TBL
consult / discuss		1	TBL
container (measuring, 1-liter-volume)		1	TBL
container for measuring grain (=1 decaliter)		1	TBL
cook		1	GEM-CNL
cook / boil		1	TBL
cook / boil (rice); boil meat		1	ZMYYC
cook / boil (water, meat)		1	TBL
cook3		1	GEM-CNL
cooked		1	ZMYYC
cooked, be (rice) / done		1	TBL
cool		1	ZMYYC
cool, pleasantly		1	TBL
copper (brass, red (pure))		1	TBL
copper (cupronickel)		1	TBL
copper (red; pure copper)		1	TBL
copper (yellow)		1	ZMYYC
copper (yellow); copper (red)		1	ZMYYC
copper(red);copper (yellow)		1	ZMYYC
coral		1	TBL
corner / angle		1	TBL
corner / angle (edge, convex)		1	TBL
corner / angle (nook, concave)		1	TBL
corpse		1	TBL
correct / change		1	ZMYYC
count (numbers)		1	TBL
country		1	GEM-CNL
country / nation		1	ZMYYC
courage		1	ZMYYC
cover		1	GEM-CNL
cover (the mouth)		1	TBL
cover / hide from view		1	TBL
cover up (objects)		1	TBL
cowrie		1	GEM-CNL
crab		1	GEM-CNL
crack		1	ZMYYC
crack / rift / fissure		1	TBL
crack / rift / fissure (in a board, stone, wall, etc.)		1	TBL
crack wood;crack earth / melon		1	ZMYYC
cramped / narrow		1	TBL
crane		1	TBL
crawl		1	ZMYYC
crawl (of babies)		1	TBL
crawl (of insects)		1	TBL
crawl (of insects, horizontally)		1	TBL
crawl (of insects, upwards)		1	TBL
crawl (of people)		1	TBL
crawl (upwards)		1	TBL
crazy, become		1	TBL
creeper		1	GEM-CNL
crisp / brittle		1	TBL
cross (a bridge)		1	TBL
cross (a river)		1	TBL
cross (river)		1	ZMYYC
cross / pass		1	TBL
crow (bird)		1	GEM-CNL
crow (of cocks)		1	TBL
crow (of hens)		1	TBL
cruel		1	GEM-CNL
crupper-strap		1	TBL
crush to pieces		1	TBL
cry		1	TBL
cry (weep)		1	GEM-CNL
cry / chirp (of birds)		1	TBL
cry out / yell		1	ZMYYC
cubit		1	TBL
cuckoo		1	TBL
cuddle / embrace		1	TBL
cupboard / cabinet		1	TBL
curry		1	GEM-CNL
curse		1	GEM-CNL
curved / crooked / bent		1	TBL
curved, become / bent		1	TBL
cut		1	ZMYYC
cut (cloth)		1	TBL
cut (firewood)		1	ZMYYC
cut (generic)		1	GEM-CNL
cut (meat)		1	TBL
cut (paper)		1	TBL
cut (paper, cloth)		1	TBL
cut (vegetable)		1	ZMYYC
cut (vegetable);cut meat		1	ZMYYC
cut (with axe)		1	GEM-CNL
cut (with knife)		1	GEM-CNL
cut / gouge out		1	TBL
cut / rip open		1	TBL
cut ear of grain; cut root		1	ZMYYC
cut meat;cut melon;cut veg's		1	ZMYYC
cut off / sever		1	TBL
cut off / sever (intransitive)		1	TBL
cut off / sever (transitive)		1	TBL
cut open (fish)		1	ZMYYC
cut up (meat)		1	TBL
cut up (melon)		1	TBL
cut up (vegetable)		1	TBL
cymbals		1	TBL
cypress		1	TBL
cypress (big)		1	TBL
cypress (small)		1	TBL
damage / spoil		1	TBL
damage / spoil (intransitive)		1	TBL
damage / spoil (simplex)		1	TBL
damage / spoil (transitive)		1	TBL
damaged, be (house) / cave in		1	TBL
dance (guo1zhuang1, a Tibetan dance)		1	TBL
dance (step, tap)		1	TBL
dance (the 'guo1zhuang1')		1	TBL
dance (xian2zi dance, 3-stringed plucked instr)		1	TBL
danger		1	TBL
dao		1	GEM-CNL
dark, get		1	TBL
date (time)		1	TBL
daughter-in-law (address)		1	TBL
daughter-in-law (reference)		1	TBL
dawn		1	GEM-CNL
dawn (the day)		1	TBL
day		1	GEM-CNL
day (24 hours)		1	ZMYYC
day (24 hours) (measure word)		1	ZMYYC
day (first of lunar month)		1	TBL
day (second of lunar month)		1	TBL
day (time)		1	TBL
day's (journey)		1	TBL
day's (work)		1	TBL
day(time)		1	ZMYYC
day, eleventh of month		1	ZMYYC
day, fifteenth of month		1	ZMYYC
day, fifth of month		1	ZMYYC
day, first of month		1	ZMYYC
day, sixteenth of month		1	ZMYYC
day, third of month		1	ZMYYC
day, thirtieth of month		1	ZMYYC
day, twentieth of month		1	ZMYYC
day, twentieth of month (lunar		1	ZMYYC
dead		1	TBL
deaf		1	GEM-CNL
deaf, be		1	TBL
dear (expensive)		1	GEM-CNL
deceive		1	GEM-CNL
deceive / cheat		1	TBL
deceive / cheat (people)		1	TBL
deceived, be / cheated, be		1	TBL
decoct (herbal medicine)		1	TBL
decoct (porridge / conjee)		1	TBL
deep-fry		1	ZMYYC
deer (barking)		1	GEM-CNL
deer (female)		1	TBL
deer (generic)		1	GEM-CNL
deer (male)		1	TBL
deer (river)		1	TBL
deer (river) (female)		1	TBL
deer (river) (male)		1	TBL
deer (sambhur)		1	GEM-CNL
delicious		1	ZMYYC
deposit / leave with		1	TBL
desire		1	GEM-CNL
destroy (cause to)		1	TBL
destroy / exterminate		1	TBL
develop (a career / undertaking)		1	TBL
develop (career / undertaking)		1	TBL
dhole, jackal		1	ZMYYC
diarrhea		1	GEM-CNL
diarrhea, have		1	TBL
die out (of fire)		1	TBL
difference / distinction		1	TBL
dig (ditch)		1	ZMYYC
dig / excavate		1	TBL
dig / scoop out		1	TBL
dig out with finger		1	TBL
digest		1	TBL
dike / embankment		1	TBL
diligent		1	ZMYYC
dilute / add water		1	TBL
dilute water		1	TBL
dinner		1	ZMYYC
direction / orientation		1	TBL
dirt / filth		1	TBL
disappear / vanish		1	TBL
disappear / vanish (lit. 'not seen anymore')		1	TBL
dislocate (a joint)		1	TBL
display structure		1	TBL
dissolve		1	TBL
dissolve (cause to)		1	TBL
ditch / gully		1	TBL
divide / share (things)		1	TBL
divide family property and live apart (offspring)		1	TBL
dizzy, feel / giddy		1	TBL
do / be in business		1	TBL
do / make		1	TBL
do / make (future)		1	TBL
do / make (past)		1	TBL
don't		1	ZMYYC
done, be / accomplished		1	TBL
door (front) / door (entrance)		1	TBL
double / twice		1	TBL
doubt		1	TBL
down		1	GEM-CNL
downstairs		1	TBL
downstairs (first floor, the draught animal pen)		1	TBL
downwards		1	TBL
doze / nod off		1	TBL
drag for / dredge up		1	TBL
dragon (water)		1	TBL
drape (a garment) over one's shoulders		1	TBL
draw (a picture)		1	TBL
draw out / stretch		1	TBL
draw out / stretchdraw out / stret		1	TBL
dregs / sediment		1	TBL
drench		1	TBL
drill		1	TBL
drill / auger		1	TBL
drink; drink (caus.)		1	ZMYYC
drip		1	ZMYYC
drive animal;drive out		1	ZMYYC
drive away		1	ZMYYC
drive out / expel		1	TBL
drive verbally;drive w / stone		1	ZMYYC
drop (of oil)		1	TBL
drop / fall		1	ZMYYC
drum (big)		1	TBL
drum (big); drum (small hand)		1	ZMYYC
drum (small, hand-drum)		1	TBL
drunk		1	ZMYYC
drunk, be		1	TBL
drunk, get		1	TBL
dry (clothes) in the air		1	TBL
dry (clothes) in the sun		1	TBL
dry (clothes) near fire		1	ZMYYC
dry (grain) in the sun		1	TBL
dry (inside of object)		1	TBL
dry (of damp objects: become dry)		1	TBL
dry by fire		1	TBL
dry in the sun		1	ZMYYC
dry in the sun (outdoors)		1	ZMYYC
dry measure / peck / =10 shÄ“ng		1	ZMYYC
dry measure / pint		1	ZMYYC
dry season		1	ZMYYC
dry(clothes)nr fire;dry(kang)		1	ZMYYC
dry, be		1	TBL
duck (domestic)		1	TBL
duck (mallard)		1	TBL
dumb		1	GEM-CNL
dung		1	GEM-CNL
dung (cow)		1	TBL
dung (cow) (dry)		1	TBL
dung (cow) (wet)		1	TBL
dung (goat)		1	TBL
dung (goat, sheep)		1	TBL
dung (horse)		1	TBL
dung (pig)		1	TBL
dung (sheep)		1	TBL
dung / manure		1	ZMYYC
dung / manure of cow		1	ZMYYC
dusk / twilight		1	TBL
dustpan / winnowing sieve		1	ZMYYC
dwell / live		1	ZMYYC
dye (stuff)		1	TBL
each		1	GEM-CNL
each / every		1	TBL
each / every (person)		1	TBL
each / every (thing)		1	TBL
eagle / vulture		1	TBL
ear (of grain-producing plant)		1	ZMYYC
ear / spike		1	TBL
earring (big); earring (small)		1	ZMYYC
earrings		1	TBL
earrings (big)		1	TBL
earrings (female's)		1	TBL
earrings (male's)		1	TBL
earrings (small)		1	TBL
earth / ground		1	TBL
earthquake		1	GEM-CNL
east (lit. 'sun rise place')		1	TBL
eat (meat, corn, etc.)		1	TBL
eat (rice, etc.)		1	TBL
eat rice; eat meat		1	ZMYYC
eat; eat (causative)		1	ZMYYC
eat; eat (of birds)		1	ZMYYC
eaten one's fill, have		1	TBL
eaves		1	TBL
edge		1	ZMYYC
edge / rim / margin		1	TBL
egg ("bird-egg")		1	GEM-CNL
eggplant		1	ZMYYC
eighth		1	ZMYYC
elder brother		1	TBL
elder brother (address)		1	TBL
elder brother (addressed by y. brother)		1	TBL
elder brother (addressed by y. sister)		1	TBL
elder brother (reference by y. brother)		1	TBL
elder brother (reference by y. sister)		1	TBL
elder brother (reference)		1	TBL
elder sister		1	TBL
elder sister (address by y. brother)		1	TBL
elder sister (address by y. sister)		1	TBL
elder sister (address)		1	TBL
elder sister (reference by y. brother)		1	TBL
elder sister (reference by y. sister)		1	TBL
elder sister (reference)		1	TBL
elevent		1	GEM-CNL
embrace / hug		1	TBL
embrace a child cheek to cheek		1	TBL
embroider		1	TBL
emperor		1	TBL
empty the bowels		1	TBL
enclosure		1	ZMYYC
encounter / meet		1	ZMYYC
end		1	GEM-CNL
end of a month		1	TBL
endure / be patient		1	TBL
enemy (personal)		1	ZMYYC
enemy (personal) / antagonizer		1	TBL
enough		1	GEM-CNL
enough, be		1	TBL
enter (a house)		1	TBL
enter (a house) (future)		1	TBL
enter (a house) (past)		1	TBL
envy		1	TBL
escape		1	ZMYYC
escape / run away		1	TBL
evening		1	GEM-CNL
every		1	GEM-CNL
every day		1	TBL
exist / be present		1	ZMYYC
exist / be present (of animals)		1	ZMYYC
exit		1	ZMYYC
expand / swell		1	TBL
extend / elongate		1	TBL
extinguish		1	GEM-CNL
extract (oil)		1	TBL
fabric (satin)		1	TBL
fabric (silk)		1	TBL
face (features of)		1	TBL
face (self-respect)		1	TBL
faith		1	GEM-CNL
fake (goods)		1	TBL
fall		1	GEM-CNL
fall (down)		1	ZMYYC
fall (rain)		1	TBL
fall / autumn		1	TBL
fall / tumble down		1	TBL
fall down (a house) / collapse		1	TBL
fall down (a wall) / topple		1	TBL
fall over / down		1	TBL
false (words)		1	TBL
familiar with, be / know sthg. o		1	TBL
fan (winnowing)		1	TBL
far / distant		1	TBL
farmer		1	ZMYYC
fast (adv.)		1	ZMYYC
fast (quick)		1	GEM-CNL
fat (adult pig)		1	TBL
fat (adult)		1	TBL
fat (beef)		1	ZMYYC
fat (infant)		1	TBL
fat (meat)		1	ZMYYC
fat (of people)		1	ZMYYC
fat (pig)		1	TBL
fat (pork)		1	ZMYYC
fat (young pig)		1	TBL
father (address)		1	TBL
father (ref.);father (direct)		1	ZMYYC
father (reference)		1	TBL
father(direct);father (gen'l)		1	ZMYYC
father-in-law (direct address)		1	ZMYYC
fathom		1	TBL
fathom=6 feet		1	ZMYYC
feather / plume		1	TBL
feather / plume (bird)		1	TBL
feather / plume (chicken)		1	TBL
feed	n,v	1	ZMYYC
feed (pig) / pigwash		1	TBL
feed livestock;feed child		1	ZMYYC
feed; feed child		1	ZMYYC
fell		1	GEM-CNL
fence		1	GEM-CNL
fence (bamboo / twig)		1	TBL
ferment		1	TBL
fern		1	GEM-CNL
fertilizer		1	ZMYYC
fertilizer (manure)		1	ZMYYC
fertilizer / manure		1	TBL
festival		1	TBL
fetch / draw (water)		1	TBL
fever		1	GEM-CNL
fever, have		1	TBL
few		1	GEM-CNL
few / little		1	TBL
fields (wheat etc.)		1	TBL
fields (wheat etc., slashed)		1	TBL
fierce / ferocious		1	TBL
fifth		1	ZMYYC
fig		1	GEM-CNL
fight ('mutually hit')		1	TBL
fight (of cattle)		1	ZMYYC
fight / vie for		1	TBL
fight / vie for (contend)		1	TBL
file (tool)		1	TBL
fill		1	GEM-CNL
fill (a bowl with porridge)		1	TBL
fill (a bowl with rice)		1	TBL
fill (with medicine)		1	TBL
fill (with water)		1	TBL
fill (with water) (field)		1	TBL
fill (with water) (kettle)		1	TBL
fill up (a hollow)		1	TBL
filter / strain		1	TBL
find		1	GEM-CNL
find / look for		1	TBL
fine (flour)		1	ZMYYC
finger (little)		1	TBL
finger (middle)		1	TBL
fingernail		1	ZMYYC
fingersbreadth		1	TBL
finish		1	GEM-CNL
finish / be over		1	TBL
fir		1	ZMYYC
fir (China)		1	TBL
fir (China) (high-elevation spruce)		1	TBL
fir (China) (mid-elevation 'hanging' fir)		1	TBL
fire (a shot)		1	TBL
fireplace		1	ZMYYC
fishy		1	ZMYYC
fishy-smelling		1	TBL
fist (hollow, empty)		1	TBL
fist (solid)		1	TBL
flag		1	ZMYYC
flail		1	ZMYYC
flash (of lightning)		1	ZMYYC
flat		1	GEM-CNL
flat / level(land)		1	ZMYYC
flat / shallow		1	TBL
flatland		1	TBL
flatland (grassland)		1	TBL
flesh		1	GEM-CNL
flesh / muscle		1	TBL
flight of steps		1	TBL
fling / toss		1	TBL
flint		1	TBL
flock (of sheep)		1	TBL
flood		1	GEM-CNL
floor		1	GEM-CNL
flow (of water)		1	TBL
flute (bamboo)		1	TBL
flute (bamboo, vertical)		1	TBL
flute (bamboo, vertical, of reed or rice stalks)		1	TBL
flute (bamboo,vertical)		1	TBL
flute-like instrument (Turkic)		1	ZMYYC
fly; fly in circles		1	ZMYYC
fodder		1	ZMYYC
fodder / feed (horse)		1	TBL
fold up (a quilt)		1	TBL
folksong		1	ZMYYC
food		1	GEM-CNL
foodstuff / grain		1	TBL
fool		1	GEM-CNL
fool / blockhead		1	TBL
fool / blockhead (female)		1	TBL
fool / blockhead (male)		1	TBL
foot (=1 / 3 meter)		1	TBL
foot (measure)		1	ZMYYC
force / compel		1	TBL
ford		1	GEM-CNL
foreigner		1	GEM-CNL
forgive		1	GEM-CNL
fortune / luck		1	TBL
forty (Tib. borr)		1	ZMYYC
found / located		1	TBL
foundation		1	TBL
fragrant		1	ZMYYC
fragrant (smell)		1	TBL
free (at liberty)		1	GEM-CNL
freeze (meat)		1	TBL
freeze / ice up		1	TBL
fresh		1	TBL
friend (btwn men)		1	ZMYYC
friend (female-to-female)		1	TBL
friend (male-to-male)		1	TBL
frighten / scare		1	TBL
from		1	GEM-CNL
from now on		1	ZMYYC
frostbitten, be (hand)		1	TBL
fruit (lit. 'pear peach apricot')		1	TBL
fry (cold rice)		1	TBL
full / satiated		1	ZMYYC
full / satiated (V)		1	ZMYYC
full, be / filled up		1	TBL
fungus (edible)		1	TBL
fungus (edible) (lit. 'mouse's ear')		1	TBL
fungus (edible) (lit. 'old person's ear')		1	TBL
future (near)		1	TBL
gall		1	ZMYYC
gall bladder		1	TBL
gap / crevice		1	TBL
garbage		1	ZMYYC
garbage / rubbish		1	TBL
garden		1	GEM-CNL
garden (plot)		1	TBL
gather		1	GEM-CNL
gather ( of water) / build up		1	TBL
gather (firewood)		1	TBL
gather / assemble		1	TBL
genitals (female)		1	TBL
genitals (male)		1	TBL
gentle / amiable		1	TBL
germinate / sprout		1	TBL
gesticulate		1	TBL
get / acquire		1	TBL
get / fetch		1	TBL
get / gain		1	TBL
get together, all / assemble		1	TBL
get up (out of bed)		1	TBL
ghost / demon		1	ZMYYC
ghost / spirit		1	TBL
gift / present		1	TBL
gift / present (offered as a gift)		1	TBL
gift / present (offered as tribute)		1	TBL
give (as a gift)		1	TBL
give (hand over)		1	TBL
give / send / deliver		1	ZMYYC
give / send / deliver;send guest		1	ZMYYC
give out / distribute		1	ZMYYC
give out / distribute wages		1	ZMYYC
give out / distribute;germinate		1	ZMYYC
glue / gum		1	TBL
gluttonous		1	TBL
gnaw		1	ZMYYC
gnaw / nibble		1	TBL
go (to market / a fair)		1	TBL
go / leave		1	TBL
go / leave (future)		1	TBL
go / leave (past)		1	TBL
go by (two years) / pass		1	TBL
go downstairs		1	TBL
go out (future)		1	TBL
go out (past)		1	TBL
go through (a hole)		1	ZMYYC
go up (water level) / rise		1	TBL
go upstairs		1	TBL
go upstairs (future)		1	TBL
go upstairs (past)		1	TBL
go upward		1	ZMYYC
goat (female)		1	TBL
goat (male)		1	TBL
goat / sheep (generic)		1	ZMYYC
god / deity		1	ZMYYC
god of rain / Dragon King		1	TBL
good (quality of material)		1	TBL
good (thought)		1	TBL
goods / merchandise		1	TBL
goose (wild)		1	TBL
gourd		1	GEM-CNL
grab / seize / catch		1	TBL
grain (of rice)		1	TBL
granary		1	ZMYYC
grandchild		1	GEM-CNL
grandfather (address)		1	TBL
grandfather (reference)		1	TBL
grandfather(direct);grandfathe		1	ZMYYC
grandmother (address)		1	TBL
grandmother (by marriage)		1	TBL
grandmother (direct)		1	ZMYYC
grandmother (reference)		1	TBL
grandmother (used by women of her gen.)		1	TBL
grasp (with the fingers and thumb of both hands)		1	TBL
grass (eaten by draught animals)		1	TBL
grass (long-stemmed)		1	TBL
grass (not eaten by draught animals)		1	TBL
grass (small)		1	TBL
grass (wild);cattle feed		1	ZMYYC
grave;grave mound		1	ZMYYC
graze		1	ZMYYC
greasy / oily		1	TBL
greasy / oily (food)		1	TBL
great		1	GEM-CNL
grey		1	TBL
grey (deep)		1	TBL
grey (lit. 'pigeon color')		1	TBL
grind (flour)		1	TBL
grind / pestle (medicine)		1	TBL
grip / handle		1	TBL
grip / hold		1	ZMYYC
grit one's teeth		1	TBL
ground		1	ZMYYC
ground; ground (ploughed)		1	ZMYYC
grow (a boil)		1	TBL
grow (appear)		1	TBL
grow (mature)		1	TBL
grow up		1	TBL
grow up (of animals)		1	TBL
grow up (of plants)		1	TBL
growl (of tigers)		1	TBL
growl (of wild animals)		1	TBL
grreen		1	GEM-CNL
gruel		1	ZMYYC
gruel / porridge		1	TBL
grunt (of pigs)		1	TBL
guard / defend		1	TBL
guess		1	ZMYYC
guess (a riddle)		1	TBL
guessed right, have		1	TBL
gum		1	TBL
gum (of tree)		1	GEM-CNL
gun / rifle		1	TBL
hair (of body)		1	GEM-CNL
hair (of head)		1	GEM-CNL
hair / down		1	TBL
hair / down (of yak)		1	TBL
hair / fur		1	ZMYYC
hair of head		1	ZMYYC
half;halfway		1	ZMYYC
halter / bridle		1	TBL
hammer		1	TBL
hammer (big)		1	TBL
hammer (nail in)		1	ZMYYC
hammer (small)		1	TBL
hammer in (a nail		1	TBL
hammer in (a nail)		1	TBL
hand down (to posterity)		1	TBL
handful (of rice)		1	TBL
handle (of a knife)		1	TBL
handle (specifically of a knife)		1	TBL
handspan		1	ZMYYC
hang		1	TBL
hang (object)		1	ZMYYC
hang (object) (caus.)		1	ZMYYC
hang (on the wall)		1	TBL
hang down / droop		1	TBL
happy / excited		1	TBL
hard / laborious		1	TBL
hardworking / exerting oneself		1	TBL
harvest / reap		1	TBL
harvest / reap (the ear / tassel)		1	TBL
harvest / reap (the root)		1	TBL
hat (bamboo)		1	ZMYYC
hat (men's)		1	TBL
hat (women's long-tubed hat)		1	TBL
hat / helmet		1	GEM-CNL
hat for rain		1	ZMYYC
hat, helmet		1	GEM-CNL
hatch		1	ZMYYC
hatch (v.i.); hatch (vt)		1	ZMYYC
hatch / incubate		1	TBL
have		1	ZMYYC
have (eyes)		1	TBL
have (money)		1	TBL
have, do not		1	TBL
hawk		1	GEM-CNL
he / she		1	ZMYYC
head-cloth / turban		1	TBL
head-cloth / turban (for men)		1	TBL
heal		1	GEM-CNL
healed, have (of a wound)		1	TBL
heap / stack (hay, grass)		1	TBL
hearth		1	GEM-CNL
heat up (cold rice)		1	TBL
hectare, 1 / 15 of		1	TBL
heddle		1	GEM-CNL
hedgehog		1	TBL
heel		1	GEM-CNL
heel ("foot-chicken-egg")		1	GEM-CNL
hemp		1	TBL
hen's egg		1	GEM-CNL
hiccup		1	TBL
hide (sthg.)		1	TBL
hide oneself		1	TBL
high		1	GEM-CNL
high / tall (of person's physique)		1	TBL
high / tall (of trees)		1	TBL
highway		1	ZMYYC
highway ("motor veh. road")		1	ZMYYC
hill		1	GEM-CNL
hill / mountain		1	TBL
hillside / mountain slope		1	TBL
himself / herself		1	TBL
hip		1	GEM-CNL
hire / employ		1	TBL
hire / employ (a draught animal)		1	TBL
hire / employ (a person)		1	TBL
hit		1	GEM-CNL
hit (a person)		1	TBL
hit (a person) (with a fist)		1	TBL
hit (target)		1	ZMYYC
hit / beat		1	ZMYYC
hit / beat with fist		1	ZMYYC
hit sthg on the target		1	TBL
hit, have (the target)		1	TBL
hoe (digging)		1	TBL
hoe (pointed)		1	TBL
hoe (small)		1	TBL
hoe up (weeds)		1	TBL
hold		1	GEM-CNL
hold (a pen)		1	TBL
hold (baby) in arms		1	ZMYYC
hold a meeting		1	ZMYYC
hold danglingly in the mouth		1	TBL
hold in mouth		1	ZMYYC
hold up / delay		1	TBL
hold, can		1	TBL
home		1	ZMYYC
home;home (use as M.W.)		1	ZMYYC
honest / well-behaved		1	TBL
honey		1	GEM-CNL
honeybee		1	ZMYYC
honorific surname; surname		1	ZMYYC
hoof (even number)		1	TBL
hoof (odd number)		1	TBL
hoop		1	ZMYYC
hoop (thin bamboo strips)		1	ZMYYC
hoop / band		1	TBL
hoop / band (bamboo)		1	TBL
hoop / band (iron)		1	TBL
hop		1	GEM-CNL
hope	n,v	1	GEM-CNL
horizontal (N)		1	ZMYYC
horn (woodwind)		1	TBL
horn (woodwind) (long)		1	TBL
horn (woodwind) (made of human bone)		1	TBL
horn (woodwind) (suo3na4--Mand. term)		1	TBL
hornbill		1	GEM-CNL
hornet		1	GEM-CNL
horseshoe		1	TBL
host / master		1	TBL
hot (spicy)		1	ZMYYC
hot (water)		1	TBL
hot (weather)		1	TBL
hot / spicy		1	TBL
hot season		1	ZMYYC
hound		1	TBL
household		1	TBL
how many (a small number)		1	TBL
how many (a small number) (people)		1	TBL
how many (a small number) (things)		1	TBL
how many / how much		1	TBL
how many / much		1	ZMYYC
howl (of wolves)		1	TBL
howl (of wolves) (lit. 'cry')		1	TBL
howl (of wolves) (lit. 'groan / moan')		1	TBL
huddle / curl up		1	TBL
hudnred		1	GEM-CNL
hug / hold in the arms		1	TBL
hug / hold in the arms (a child)		1	TBL
human being		1	TBL
hunchback		1	TBL
hundred million		1	ZMYYC
hung, be		1	TBL
hungry, be		1	TBL
hunter		1	TBL
hurriedly / hastily		1	TBL
hurt (the foot from grit in the shoe)		1	TBL
hurt (the foot from grit in the shoe) (causative)		1	TBL
hurt (the foot from grit in the shoe) (simplex)		1	TBL
hurt by stinging		1	TBL
husband (address)		1	TBL
husband (proper, honorable)		1	TBL
husband (reference)		1	TBL
husband (vulgo)		1	TBL
idea / opinion		1	TBL
idle / not busy		1	TBL
idle, be / unoccupied		1	TBL
if		1	GEM-CNL
ill / sick		1	ZMYYC
ill, to be		1	TBL
immediately / right away		1	ZMYYC
immerse / submerge		1	TBL
in		1	GEM-CNL
in (the sky)		1	TBL
increase / gain		1	TBL
industrious / hardworking		1	TBL
infect		1	TBL
inhale		1	TBL
initially / beginning, in the		1	TBL
injure / hurt (the arm)		1	TBL
injure / hurt (the arm, by chopping)		1	TBL
ink (Chinese)		1	TBL
ink cake		1	ZMYYC
insect		1	GEM-CNL
insect / worm (crawling)		1	TBL
insect / worm (flying)		1	TBL
insert / stick into		1	ZMYYC
insert seedling		1	ZMYYC
inside (a room)		1	TBL
inside (the sea, a well)		1	TBL
install		1	TBL
instrument (two-stringed, bowed)		1	TBL
intelligent		1	ZMYYC
interest		1	ZMYYC
interest (financial)		1	TBL
intestine		1	TBL
itch		1	ZMYYC
itch (N)		1	ZMYYC
itch (V)		1	ZMYYC
itch (scrath-)		1	ZMYYC
itch / tickle		1	TBL
ivory		1	GEM-CNL
jab / poke / stab		1	TBL
jar (earthen)		1	TBL
jaw		1	GEM-CNL
jew's harp		1	ZMYYC
jewsharp		1	GEM-CNL
jobs tears (coix)		1	GEM-CNL
join		1	GEM-CNL
joint		1	TBL
joke / jest		1	TBL
joss stick / incense		1	TBL
judgment		1	GEM-CNL
juice		1	GEM-CNL
jungle		1	GEM-CNL
just now		1	ZMYYC
keep		1	GEM-CNL
kettle / pot		1	TBL
kettle / pot (generic term)		1	TBL
kettle / pot (glossy porcelain)		1	TBL
kick;kick (person by animal)		1	ZMYYC
kid		1	TBL
kill (a person)		1	TBL
kill / slaughter (an animal)		1	TBL
kill;kill pigs		1	ZMYYC
kill;slaughter cows, pigs, etc		1	ZMYYC
kind (sort)		1	GEM-CNL
king (chieftain (Mand. 'tu3si1'))		1	TBL
king (chieftain (Mand. 'tusi'))		1	TBL
king (emperor)		1	TBL
kiss		1	GEM-CNL
kiss; sniff		1	GEM-CNL
kite (black-eared) / hawk		1	TBL
knock		1	GEM-CNL
knock / strike		1	TBL
knot (in string)		1	GEM-CNL
know (a language) / can / be abl		1	ZMYYC
know (to write)		1	TBL
kowtow		1	TBL
lad / chap (young)		1	TBL
ladle (bamboo)		1	TBL
ladle (gourd) / dipper (calabash)		1	TBL
ladle (gourd) / dipper (copper)		1	TBL
ladle (gourd) / dipper (wooden)		1	TBL
ladle (iron)		1	TBL
ladle / dredge		1	ZMYYC
lamb		1	TBL
lame		1	GEM-CNL
land		1	GEM-CNL
land / descend		1	TBL
land / descend (causative)		1	TBL
land / descend (simplex)		1	TBL
last year		1	TBL
later (in time)		1	ZMYYC
laugh / smile		1	TBL
law		1	GEM-CNL
lax / fluffy / puffy		1	TBL
lax / loose / slack		1	TBL
lay (bricks)		1	ZMYYC
lay (egg)		1	ZMYYC
lay (eggs)		1	TBL
lay (eggs)q		1	TBL
lazy (N)		1	ZMYYC
lead		1	GEM-CNL
lead (animal)		1	ZMYYC
lead (the way) / guide		1	TBL
lead (the way) / guide (lit. 'lead head')		1	TBL
lead the way		1	TBL
leader in a (stockaded) village		1	TBL
leader in a (stockaded) village ('official')		1	TBL
leader in a (stockaded) village (Mand. 'tu3si1')		1	TBL
leader in a stockaded village		1	TBL
leak (house);leak (iron pot)		1	ZMYYC
leak (iron pot)		1	TBL
leak (room)		1	TBL
leak (stone pot)		1	TBL
lean		1	ZMYYC
lean (meat)		1	ZMYYC
lean (pork)		1	ZMYYC
learning / knowledge		1	TBL
leather		1	GEM-CNL
leave sthg. behind		1	TBL
leech (mountain)		1	ZMYYC
leech (mountain, arid area)		1	TBL
leech (water)		1	TBL
left over, be / remain		1	TBL
left-hand		1	GEM-CNL
legging		1	ZMYYC
legging worn by men		1	ZMYYC
legging worn by women		1	ZMYYC
lemon		1	GEM-CNL
lend		1	ZMYYC
lend (money)		1	TBL
lend (tools)		1	TBL
leopard (=tiger)		1	ZMYYC
leopard / panther		1	TBL
leper		1	GEM-CNL
let s.b. see / show		1	TBL
level / flat		1	TBL
lick / lap		1	TBL
lid		1	ZMYYC
lid / cover		1	TBL
lie (deceive)		1	GEM-CNL
life / livelihood		1	TBL
life span		1	TBL
lifetime		1	TBL
lift		1	GEM-CNL
lift (the lid)		1	TBL
lift up / carry		1	TBL
light (a fire)		1	TBL
light (a light)		1	TBL
light (bright)		1	GEM-CNL
light (candle)		1	ZMYYC
light (ignite)		1	GEM-CNL
light (of weight)		1	GEM-CNL
light (weight)		1	TBL
light / lamp		1	TBL
light / lamp (butter)		1	TBL
light / lamp (oil)		1	TBL
light / lamp (pine torch)		1	TBL
like		1	ZMYYC
like (as)		1	GEM-CNL
like (to eat)		1	TBL
like / love		1	TBL
lime		1	ZMYYC
line (of wheat)		1	TBL
line up		1	TBL
lion		1	TBL
lip (lower)		1	GEM-CNL
liquor		1	ZMYYC
liquor (corn); liquor (white)		1	ZMYYC
liquor (highland barley)		1	ZMYYC
liquor (white lightning)		1	ZMYYC
listen; hear		1	ZMYYC
liter		1	TBL
little		1	GEM-CNL
little / few		1	ZMYYC
live (to be alive)		1	GEM-CNL
live / reside		1	TBL
live / reside (lit. 'be at')		1	TBL
live / reside (lit. 'sit')		1	TBL
livestock / animal (domestic)		1	TBL
living (adj.)		1	TBL
living (adj.) (animals)		1	TBL
living (adj.) (plants)		1	TBL
load		1	ZMYYC
load (of firewood) on the back		1	TBL
load of cupped-hands		1	TBL
load on an animal's back		1	TBL
lock (the door)		1	TBL
loincloth		1	GEM-CNL
look		1	ZMYYC
look at		1	GEM-CNL
look at and distinguish (characters)		1	TBL
look for		1	GEM-CNL
look like / resemble		1	TBL
loose / lax		1	ZMYYC
lord		1	GEM-CNL
lose (a fight)		1	TBL
lose (a game) (gambling)		1	TBL
lose (sthg.)		1	TBL
lose / be beaten;lose (gambling)		1	ZMYYC
lose / defeated		1	TBL
lose / mislay		1	TBL
lose / misplace		1	ZMYYC
lose a fight		1	ZMYYC
loud		1	TBL
love / like		1	TBL
love / like (one's child)		1	TBL
low / short		1	TBL
low / short (person)		1	TBL
lower (the head)		1	TBL
lower half of the body		1	TBL
lower part of / lower reaches		1	TBL
lower part of / lower reaches (downstream)		1	TBL
lukewarm (water)		1	TBL
lunatic		1	TBL
lunch		1	ZMYYC
lungs		1	GEM-CNL
m.o.w. borrowed from Eng. 'ounce' (=0.1 tael)		1	TBL
mad (insane)		1	GEM-CNL
mad person		1	ZMYYC
maggot (dung)		1	TBL
maggot (meat)		1	TBL
maize / corn		1	TBL
make		1	GEM-CNL
make (tea)		1	TBL
make / cause		1	TBL
make a row, racket		1	TBL
make a row, racket ('yell at each other')		1	TBL
make bed		1	ZMYYC
make friends with		1	TBL
make friends with (sbj. = female)		1	TBL
make friends with (sbj. = male)		1	TBL
make way for / give way		1	TBL
malaria		1	ZMYYC
man		1	TBL
man (male person)		1	ZMYYC
man (male)		1	GEM-CNL
man (mankind)		1	GEM-CNL
manage / control		1	TBL
mane (horse)		1	TBL
manger		1	TBL
mango		1	GEM-CNL
many		1	GEM-CNL
mare		1	TBL
mark		1	ZMYYC
mark / sign		1	TBL
mark / trace / track		1	TBL
marker (ink, carpenter's)		1	TBL
market		1	GEM-CNL
marketplace		1	ZMYYC
married		1	GEM-CNL
marry		1	TBL
marry (a man)		1	ZMYYC
marry (lit. 'drink liquor')		1	TBL
marry (lit. 'hold wedding ceremony')		1	TBL
marry (of a man)		1	TBL
marry (of a woman)		1	TBL
master		1	TBL
mat (for drying things in the sun)		1	TBL
mat (grass, straw)		1	TBL
mat (woven bamboo)		1	TBL
mat for drying food in the sun		1	ZMYYC
mat woven from bamboo leaves		1	ZMYYC
matter / affair		1	TBL
meal	clf,n	1	TBL
means / method		1	ZMYYC
means / solution		1	TBL
measles		1	TBL
measure (length)		1	TBL
measure (with a grain measure (Ch. 'dou3')		1	TBL
measure (with the hands)		1	TBL
measure of weight (=0.1 tael)		1	TBL
measure of weight (=1 / 2 kilogram)		1	TBL
measure of weight (Tibetan 'big')		1	TBL
measure of weight (Tibetan 'small')		1	TBL
meat (lean)		1	TBL
meat / flesh		1	ZMYYC
meet		1	GEM-CNL
meet / come across		1	TBL
melon		1	ZMYYC
melon (winter)		1	ZMYYC
melon / gourd		1	TBL
melt		1	ZMYYC
melt (simplex); melt (causative)		1	ZMYYC
mend		1	GEM-CNL
meow		1	TBL
merchant		1	TBL
mess up		1	TBL
messy, be / in chaos		1	TBL
metal weight on steelyard		1	ZMYYC
metal weight on steelyard(big)		1	ZMYYC
middle of a month		1	TBL
midnight		1	TBL
mile (=0.5 kilometer)		1	TBL
mile (=0.5 kilometer) (borr. from Ch. 'gong1li3')		1	TBL
mile (=0.5 kilometer) (borr. from Eng. 'mile')		1	TBL
milk (cow's)		1	TBL
mill		1	ZMYYC
mill (water-powered)		1	ZMYYC
million		1	TBL
millstones		1	TBL
millstones (small mill)		1	TBL
mince (meat) with knife		1	ZMYYC
mind		1	GEM-CNL
mist		1	GEM-CNL
mistake		1	GEM-CNL
mistake / error		1	TBL
mithan (gayal, bos fontalis)		1	GEM-CNL
mix (cause to)		1	TBL
mix (cause to) (cows, horses, etc.)		1	TBL
mix (cause to) (rice, bread, etc.)		1	TBL
mix (powder) with water		1	TBL
mix (powder) with water (stomp w / feet)		1	TBL
mix / blend / mingle		1	TBL
mix / blend / mingle (cows, horses, etc.)		1	TBL
mix / blend / mingle (rice, bread, etc.)		1	TBL
mole		1	TBL
monetary unit / dollar		1	ZMYYC
money (general term)		1	ZMYYC
money (lit 'paper money')		1	TBL
money (lit. 'conch shell')		1	TBL
money (lit. 'copper coin')		1	TBL
money (lit. 'paper money')		1	TBL
money (lit. 'silver')		1	TBL
monk		1	TBL
monkey (generic)		1	GEM-CNL
monkey (huluk)		1	GEM-CNL
monkey (langur)		1	GEM-CNL
monkey (macaque)		1	GEM-CNL
month (intercalary)		1	ZMYYC
month's (work)		1	TBL
moo		1	TBL
moo ((female) cow)		1	TBL
moo (bull)		1	TBL
mortar (rice)		1	TBL
mortar (rice-hulling trip-hammer)		1	TBL
mortar (salt)		1	TBL
mortar (stone)		1	TBL
mortar (wooden)		1	TBL
mortar(sm stone;mortar(bigwood		1	ZMYYC
morung (men's dormitory)		1	GEM-CNL
mosquito (relatively large)		1	TBL
mosquito (relatively small)		1	TBL
mosquito net		1	ZMYYC
most (superlative degree)		1	ZMYYC
moth		1	GEM-CNL
mother (address)		1	TBL
mother (reference)		1	TBL
mother(direct);mother(gen'l)		1	ZMYYC
mother(ref);mother (direct)		1	ZMYYC
mother-in-law (direct, general		1	ZMYYC
mouth (opening)		1	TBL
mouth organ		1	ZMYYC
move (a stool)		1	TBL
move (house)		1	TBL
move something to a new place		1	ZMYYC
mow / cut (grass)		1	TBL
much		1	GEM-CNL
mucus (nasal)		1	TBL
muddle (the water)		1	TBL
muddy / turbid		1	TBL
multicolored		1	ZMYYC
multicolored / patterned (cloth)		1	TBL
muntjac / deer (barking)		1	TBL
muntjac / deer (barking) (blue-green)		1	TBL
muntjac / deer (barking) (yellow)		1	TBL
mushroom (white)		1	TBL
mushroom (yellow)		1	TBL
musk		1	TBL
must		1	GEM-CNL
mustard		1	GEM-CNL
mute (female)		1	TBL
mute (male)		1	TBL
mute (male);mute (female)		1	ZMYYC
myself		1	TBL
nail		1	TBL
nail (tool)		1	ZMYYC
nail / tack		1	TBL
naked		1	GEM-CNL
nationality		1	ZMYYC
near / close to		1	TBL
necessary		1	GEM-CNL
neck (back of, hindneck, nape)		1	TBL
necklace		1	GEM-CNL
necklace / necklet		1	TBL
necklace / necklet (chain)		1	TBL
necklace / necklet (female's)		1	TBL
necklace / necklet (male's)		1	TBL
neigh		1	TBL
neighbor		1	GEM-CNL
nephew		1	ZMYYC
nephew (reference)		1	ZMYYC
nephew <brother's son>		1	TBL
nest (bird)		1	TBL
never		1	GEM-CNL
new year's eve		1	ZMYYC
news		1	GEM-CNL
news / message		1	TBL
next year		1	TBL
niece		1	ZMYYC
niece (reference)		1	ZMYYC
night's (work)		1	TBL
night, at		1	TBL
night, at / evening, in the		1	TBL
night; dusk		1	ZMYYC
nit ("louse-egg")		1	ZMYYC
no		1	GEM-CNL
nod		1	TBL
noise		1	GEM-CNL
noodles		1	ZMYYC
not		1	GEM-CNL
notify / inform		1	TBL
numb, be		1	TBL
numb, be (foot)		1	TBL
numb, be (hand)		1	TBL
numb, be (mouth)		1	TBL
nun (Buddhist)		1	TBL
nun (Buddhist) (female lama)		1	TBL
oak		1	ZMYYC
oath		1	GEM-CNL
obey		1	GEM-CNL
obstruct (cause to) / block		1	TBL
occur / happen		1	TBL
offer / dedicate		1	TBL
official		1	ZMYYC
official (government)		1	TBL
often		1	ZMYYC
oil (animal)		1	TBL
oil (animal) (cooked lard)		1	TBL
oil (animal) (flead; leaf fat; leaf lard)		1	TBL
oil (animal) (intestine)		1	TBL
oil (animal) (lard)		1	TBL
oil (vegetable)		1	TBL
oil from animal		1	ZMYYC
old (of men)		1	ZMYYC
old (of people)		1	ZMYYC
old (of persons)		1	GEM-CNL
old (of things)		1	GEM-CNL
old (of vegetable)		1	ZMYYC
old (things)		1	ZMYYC
old / elderly		1	TBL
old lady		1	TBL
old man (colloq)		1	ZMYYC
old person		1	ZMYYC
old woman		1	GEM-CNL
old, be		1	TBL
on		1	GEM-CNL
on (the table)		1	TBL
on (the wall)		1	TBL
on the other side (of a riv		1	TBL
on top (of a mountain)		1	TBL
on top (of the roof)		1	TBL
one ;		1	ZMYYC
one hundred and one		1	TBL
one hundred thousand		1	TBL
oneself		1	TBL
onion		1	GEM-CNL
onion (green)		1	ZMYYC
onion / scallion		1	TBL
only		1	GEM-CNL
open (a door)		1	TBL
open (an umbrella)		1	TBL
open (chest, trunk)		1	TBL
open (door)		1	ZMYYC
open (door, lock)		1	TBL
open (eye)		1	ZMYYC
open (general term)		1	ZMYYC
open (lid)		1	ZMYYC
open (the mouth)		1	TBL
open up wasteland		1	TBL
orange		1	GEM-CNL
order		1	GEM-CNL
other		1	GEM-CNL
other person(s)		1	TBL
other person(s) (lit. 'person home')		1	TBL
other persons		1	TBL
others		1	ZMYYC
others (people)		1	TBL
others / miscellaneous		1	TBL
outside (distal)		1	TBL
outside (proximal)		1	TBL
over / above		1	TBL
overflow		1	ZMYYC
overflow / spill		1	TBL
overgrown (plant)		1	TBL
overthrow / down with		1	TBL
overthrow / down with (traitors)		1	TBL
owe		1	ZMYYC
owe (money)		1	TBL
owner		1	GEM-CNL
pad		1	TBL
pad / cushion		1	TBL
paddle / row		1	TBL
paddy field		1	TBL
paddy fields		1	TBL
page		1	TBL
pain		1	GEM-CNL
pain / ache		1	ZMYYC
pain / ache (V)		1	ZMYYC
pain / agony		1	TBL
pain / agony (emotional)		1	TBL
painting		1	TBL
pair		1	ZMYYC
pair (of rabbits)		1	TBL
pair (of shoes)		1	TBL
pal / partner		1	TBL
pal / partner (plural)		1	TBL
pal / partner (singular)		1	TBL
palm (hand)		1	GEM-CNL
palm (of hand)		1	GEM-CNL
panji (bamboo stake)		1	GEM-CNL
pants / trousers (female's)		1	TBL
pants / trousers (male's)		1	TBL
parcel / sack (of medicine)		1	TBL
parcel / sack (of presents)		1	TBL
parcel / sack (of things)		1	TBL
parcel / sack (of vegetables)		1	TBL
pare / peel with a knife		1	TBL
parrot		1	TBL
part / portion / share		1	TBL
part / portion / share (lit. 'share')		1	TBL
pass / go by		1	TBL
paste / glue / stick		1	ZMYYC
paste / stick / glue		1	TBL
patch		1	ZMYYC
patch (clothing)		1	TBL
patch (of ground / field)		1	TBL
patient		1	TBL
pave / lay		1	TBL
pay		1	GEM-CNL
pay indemnity to		1	ZMYYC
pea / bean		1	TBL
peace		1	GEM-CNL
pear		1	TBL
pear (flat: Ch. 'bian3 li2')		1	TBL
pear (small yellow)		1	TBL
pearl		1	GEM-CNL
peasant		1	TBL
peck at (rice; of a chicken)		1	TBL
peel off (paint)		1	TBL
pen (chicken)		1	TBL
pen (writing instrument)		1	TBL
pen (writing instrument) (bamboo)		1	TBL
pen (writing instrument) (brush)		1	TBL
pen in (sheep)		1	TBL
people		1	GEM-CNL
pepper (hot) / chili		1	TBL
pepper, hot / chili		1	ZMYYC
pepper, hot / chili (from Thai)		1	ZMYYC
peppery		1	TBL
permit / allow		1	TBL
persimmon (big)		1	TBL
persimmon (dried)		1	TBL
persimmon (fresh)		1	TBL
persimmon (small)		1	TBL
person w / pockmarked face		1	TBL
person w / pockmarked face (as an insult)		1	TBL
pestle (big, wooden)		1	TBL
pestle (large wooden)		1	ZMYYC
pestle (rice-hulling trip-hammer)		1	TBL
pestle (salt mortar)		1	TBL
pestle (small, stone)		1	TBL
pestle / pound		1	TBL
pheasant (long-tailed)		1	TBL
pheasant (short-tailed)		1	TBL
phlegm		1	ZMYYC
pick (fruit)		1	TBL
pick / select		1	ZMYYC
pick up (food with chopsticks)		1	TBL
pick up stuff		1	ZMYYC
pickle (vegetables)		1	TBL
piece of cloth w.s.f.c.a.t. (piece of its inside)		1	TBL
piece of cloth w.s.f.c.a.t. (piece of its outside)		1	TBL
piece of cloth with straps for carrying a toddler		1	TBL
pierce		1	GEM-CNL
pierce through		1	TBL
pig (domestic)		1	GEM-CNL
pig (wild)		1	GEM-CNL
pig(wild)		1	GEM-CNL
piglet		1	TBL
pigsty / pen (hog)		1	TBL
pile (of excrement)		1	TBL
pile / stack up		1	TBL
pile / stack up (books, quilts, etc.)		1	TBL
pile / stack up (firewood)		1	TBL
pile up (e.g. earth)		1	ZMYYC
pillar / column		1	TBL
pinch (of a shoe)		1	TBL
pine (said by elderly)		1	TBL
pine (said by youth)		1	TBL
pipe (tobacco)		1	GEM-CNL
piss / pee		1	TBL
pit		1	TBL
pit / stone		1	TBL
pitiable / pitiful		1	TBL
placenta		1	TBL
plain		1	ZMYYC
plains		1	GEM-CNL
plane (tool)		1	TBL
plank / board		1	TBL
plank / board (coffin)		1	TBL
plank / board (small)		1	TBL
plant		1	ZMYYC
plant (trees)		1	TBL
plant / raise (wheat)		1	TBL
plant / raise (wheat) (dibbling)		1	TBL
plant / raise (wheat) (scatter)		1	TBL
plant ash		1	TBL
plant seedlings		1	ZMYYC
plate / dish		1	TBL
play		1	ZMYYC
play (a game)		1	GEM-CNL
play (music)		1	GEM-CNL
play / amuse oneself		1	TBL
pleasant to the ears		1	TBL
plough	n,v	1	ZMYYC
plough / till		1	TBL
plough; plow virgin soil		1	ZMYYC
plow		1	TBL
plowshare		1	TBL
pluck (flowers)		1	TBL
point / tip		1	TBL
point at / to / out		1	TBL
poison / toxin		1	TBL
poke (a sign into earth) / insert		1	TBL
pole		1	ZMYYC
pole (carrying / shoulder)		1	TBL
polite / courteous		1	TBL
pony		1	TBL
pool		1	GEM-CNL
poor (land)		1	TBL
poplar		1	TBL
poplar cypress tree (=?)		1	ZMYYC
post (of house)		1	GEM-CNL
pot		1	GEM-CNL
pot (stir fry)		1	ZMYYC
pot / jar / tin		1	TBL
pot / jar / tin (big)		1	TBL
pot / jar / tin (copper)		1	TBL
pot / jar / tin (earthenware)		1	TBL
pot / jar / tin (water)		1	TBL
pot / wok		1	ZMYYC
pound to pieces		1	TBL
pour (liquid) into		1	ZMYYC
pour or throw out (water)		1	TBL
power		1	GEM-CNL
praise		1	GEM-CNL
pray		1	GEM-CNL
pregnant		1	GEM-CNL
pregnant, be		1	TBL
pregnant, be (person)		1	TBL
prepare		1	GEM-CNL
prepare / get ready / intend		1	TBL
present, the (time)		1	TBL
press (a tube of toothpaste)		1	TBL
press (with palm or finger)		1	TBL
press (with palm or finger) (a bell)		1	TBL
press / push down		1	TBL
press;press flat		1	ZMYYC
prick		1	ZMYYC
pricked, be (on a thorn)		1	TBL
priest		1	GEM-CNL
prize / pry		1	TBL
produce		1	TBL
promise / consent		1	TBL
prop up / support		1	TBL
protruding / raised		1	TBL
proud		1	GEM-CNL
proverb / saying		1	TBL
pry		1	ZMYYC
puddle (of mud)		1	TBL
pull (a quilt) over (causative)		1	TBL
pull (a quilt) over oneself		1	TBL
pull (a quilt) over oneself (simplex)		1	TBL
pull (out)		1	ZMYYC
pull / drag (a log)		1	TBL
pull / lead (a cow) along		1	TBL
pull / tug		1	TBL
pull down (a house)		1	TBL
pull up (weeds)		1	TBL
pulse (wrist)		1	TBL
pulse / beat		1	TBL
punch a hole / perforate		1	TBL
puncture (sthg.)		1	TBL
punish		1	TBL
push / shove		1	TBL
push / shove (people, cars)		1	TBL
put		1	GEM-CNL
put (soil) on		1	TBL
put / place		1	ZMYYC
put in (salt)		1	TBL
put in order / arrange		1	TBL
put in order / arrange (things w / out legs)		1	TBL
put in order / arrange (things with legs)		1	TBL
put in order / tidy		1	TBL
put in order / tidy (crops)		1	TBL
put in order / tidy (things)		1	TBL
put into a container / pack		1	TBL
put on (another layer of cloth		1	TBL
put on (shoes)		1	TBL
put on / wear		1	ZMYYC
put on / wear;put on / wear (caus)		1	ZMYYC
put on / wear;wear shoes		1	ZMYYC
put one's hand on (sthg.) for		1	TBL
put out to pasture		1	TBL
put out to pasture (cows)		1	TBL
put out to pasture (sheep)		1	TBL
put sthg. somewhere		1	TBL
puttee		1	TBL
quake (earth)		1	TBL
quarrel		1	GEM-CNL
question	n,v	1	GEM-CNL
quick / fast		1	TBL
quick / fast (body movement)		1	TBL
quick / fast (speed)		1	TBL
quiet		1	GEM-CNL
quilt		1	ZMYYC
rack (pack)		1	TBL
radish		1	TBL
raft		1	TBL
raft (bamboo)		1	TBL
rafter (of building)		1	TBL
railroad		1	ZMYYC
raincoat (of leaves, hemp fibe		1	ZMYYC
raincoat made of palm tree		1	ZMYYC
rainy season		1	ZMYYC
raise		1	GEM-CNL
raise (chickens)		1	TBL
raise (the hand)		1	TBL
raise (the tail)		1	TBL
rake (iron-toothed)		1	TBL
rake (the fields)		1	TBL
rake (wooden)		1	TBL
ramie		1	ZMYYC
ramie ("fire hemp")		1	ZMYYC
ramie ("male hemp")		1	ZMYYC
rat		1	GEM-CNL
rat / mouse		1	ZMYYC
raw		1	ZMYYC
raw (unripe)		1	GEM-CNL
reach out(foot)		1	ZMYYC
reach out(hand)		1	ZMYYC
read; read (borr. from C)		1	ZMYYC
reap		1	GEM-CNL
recall / recollect		1	TBL
recall / remember		1	TBL
recently / lately		1	TBL
recognize		1	TBL
recover, fully (from an illness)		1	TBL
reduce		1	TBL
reed		1	GEM-CNL
reed-pipe instrument		1	ZMYYC
refine		1	ZMYYC
refuse by making excuses		1	TBL
regret		1	TBL
rein in		1	TBL
reins		1	TBL
relative		1	ZMYYC
relatives		1	TBL
release / set free		1	TBL
rely / depend on		1	TBL
rely / lean on		1	TBL
remain		1	GEM-CNL
repair		1	ZMYYC
repay		1	TBL
repay (a debt)		1	TBL
rescue / save		1	TBL
reserve (seeds)		1	TBL
resin / colophony		1	TBL
resin / colophony (of a qiang1 pine tree)		1	TBL
respective / individual / each		1	TBL
rest (from work)		1	TBL
rest (while on the road)		1	TBL
rest ordinary days;rest(walkin		1	ZMYYC
ret. / go back;ret / go back;reply		1	ZMYYC
retreat		1	ZMYYC
return (a pen)		1	TBL
return (future)		1	TBL
return (go back)		1	TBL
return (past)		1	TBL
return / go back		1	ZMYYC
return, cause to		1	TBL
reverse		1	TBL
reverse side		1	TBL
revive (vi.) (animals)		1	TBL
rhinoceros		1	GEM-CNL
rice		1	TBL
rice (glutinous)		1	TBL
rice (paddy		1	GEM-CNL
rice (plant)		1	ZMYYC
rice (unhusked)		1	TBL
rice-beer		1	GEM-CNL
riddle		1	TBL
ride		1	ZMYYC
ride (a horse)		1	TBL
right (correct)		1	GEM-CNL
right / correct (C)		1	ZMYYC
right / correct (N)		1	ZMYYC
right / obverse side		1	TBL
right / obverse side (lit. 'outside side')		1	TBL
right, just, upright		1	ZMYYC
right-hand		1	GEM-CNL
ring (finger ring)		1	GEM-CNL
ring in cow's nose used to lead it about		1	TBL
rinse (the mouth)		1	TBL
rinse / flush		1	TBL
rinse / flush ('sprinkle, splash')		1	TBL
ripe		1	GEM-CNL
ripe, be (corn, beans, etc.)		1	TBL
ripe, be (fruit)		1	TBL
ripe, be (melons, nuts, etc.)		1	TBL
ripe, be (paddies, etc.)		1	TBL
rise (of the sun)		1	ZMYYC
rise / appear (of the sun)		1	ZMYYC
rise / go up		1	TBL
rise / stand up		1	TBL
river (big)		1	TBL
river (small)		1	TBL
road / way		1	ZMYYC
roast (meat)		1	TBL
rob		1	ZMYYC
rob / loot		1	TBL
robber		1	TBL
rock		1	TBL
rock / sway		1	TBL
rod / stick		1	TBL
roebuck		1	ZMYYC
roebuck(male);roebuck(female)		1	ZMYYC
roll		1	TBL
roll (e.g. rock)		1	ZMYYC
roll (intransitive)		1	TBL
roll (of cloth)		1	TBL
roll (transitive)		1	TBL
roll up (cloth)		1	TBL
roll up (sleeve)		1	TBL
room		1	GEM-CNL
rooster		1	ZMYYC
rope / string		1	TBL
rope, cord		1	GEM-CNL
rot		1	TBL
rot / spoil		1	ZMYYC
rotate / spin		1	ZMYYC
rotten		1	GEM-CNL
rough		1	GEM-CNL
rough / coarse		1	TBL
round (ball shape)		1	ZMYYC
row (of houses)		1	TBL
rub		1	GEM-CNL
rub (to soften animal skin)		1	ZMYYC
ruler (measure)		1	TBL
ruminate		1	TBL
ruminate (cow)		1	TBL
rust (copper)		1	TBL
rust (copper, silver)		1	TBL
rust (iron)	n,v	1	TBL
rust (lit. 'eat mud')		1	TBL
s.b.'s turn		1	TBL
sacrifice		1	GEM-CNL
saddle for horse		1	ZMYYC
saddle;saddle for horse		1	ZMYYC
safe and sound		1	TBL
salary		1	GEM-CNL
saliva		1	TBL
saliva / spittle		1	ZMYYC
satisfy (conditions, requireme		1	TBL
save		1	GEM-CNL
save / rescue		1	ZMYYC
savory / appetizing		1	TBL
say		1	GEM-CNL
say / speak		1	ZMYYC
scald / burn (the hand)		1	TBL
scale		1	TBL
scales (balance)		1	GEM-CNL
scar		1	TBL
scarf for head / turban(male)		1	ZMYYC
scarf for head / turban-m;-f		1	ZMYYC
scarf for the head / turban		1	ZMYYC
scatter (seeds)		1	TBL
scatter / broadcast		1	ZMYYC
school		1	ZMYYC
scissor		1	TBL
scissor (for cutting cloth)		1	TBL
scissor (paper)		1	TBL
scissor (wool, hair)		1	TBL
scold to so.'s face		1	ZMYYC
scoop		1	ZMYYC
scoop up (water) / ladle out		1	TBL
scorpion		1	GEM-CNL
scratch (an itch against sthg.)		1	TBL
scratch (an itch)		1	TBL
scratch the soil for grain (birds)		1	GEM-CNL
search		1	ZMYYC
secret, keep		1	TBL
sect. of bamboo used as cont. (rice, salt, liquor)		1	TBL
sect. of bamboo used as cont. (to serve tea in)		1	TBL
section (of bamboo between two joints)		1	TBL
section (of road / journey)		1	TBL
section of bamboo used as container		1	TBL
section of bamboo used as container (for water)		1	TBL
see ( a doctor)		1	TBL
seed of Chinese prickly ash		1	TBL
seedling		1	ZMYYC
seedling (rice)		1	TBL
seek		1	GEM-CNL
seep into / permeate		1	TBL
seize		1	GEM-CNL
send		1	GEM-CNL
send (a letter)		1	TBL
send / dispatch (a person)		1	TBL
sentence (of speech)		1	TBL
separate		1	TBL
separate (cause to)		1	TBL
separated accidentally and lose contact with, get		1	TBL
serow		1	GEM-CNL
servant (female)		1	TBL
servant (hired)		1	TBL
servant (male)		1	TBL
servant (slave)		1	TBL
serve		1	GEM-CNL
sesame		1	TBL
set on fire		1	TBL
sever (a rope)		1	TBL
several / few, a		1	TBL
several / few, a (people)		1	TBL
several / few, a (things)		1	TBL
severe / fierce / sharp		1	TBL
severe / fierce / sharp (potent liquor)		1	TBL
severe / fierce / sharp (temper)		1	TBL
sew		1	GEM-CNL
sew (up)		1	TBL
shake		1	GEM-CNL
shake (one's head)		1	TBL
shake / quake		1	TBL
shame		1	GEM-CNL
shape / appearance		1	TBL
sharpen		1	ZMYYC
shave (hair of head)		1	ZMYYC
shave (hairs) / scrape		1	TBL
shave (the head)		1	TBL
sheath / scabbard		1	TBL
shed (chicken)		1	TBL
shed (cow) / fence (ox)		1	TBL
shed (tears)		1	TBL
sheep (general)		1	TBL
sheepfold / pen (sheep)		1	TBL
sheet (of hide)		1	TBL
sheet (of paper)		1	TBL
shell		1	GEM-CNL
shell (melon seeds)		1	TBL
shell (peanuts)		1	TBL
shepherd boy		1	TBL
shield		1	GEM-CNL
shine		1	GEM-CNL
shingle		1	TBL
shite		1	GEM-CNL
shiver / tremble		1	TBL
shiver / tremble (from cold)		1	TBL
shiver / tremble (from fear)		1	TBL
shoe (leather)		1	ZMYYC
shoot (an arrow)		1	TBL
shop		1	ZMYYC
shot, have (the target)		1	TBL
shout / yell		1	TBL
shrivel up / wither		1	TBL
shrivelled / shrunken		1	TBL
shut		1	GEM-CNL
shuttle		1	GEM-CNL
shy, be / bashful		1	TBL
sick		1	GEM-CNL
side (of body)		1	GEM-CNL
sieve	n,v	1	ZMYYC
sieve / sift		1	TBL
sieve / sifter		1	TBL
sieve / sifter (coarse)		1	TBL
sieve / sifter (fine)		1	TBL
silk		1	TBL
silk (cloth)		1	ZMYYC
silk (cloth); satin		1	ZMYYC
silk thread		1	TBL
silkworm		1	TBL
silver (white silver)		1	ZMYYC
sin		1	GEM-CNL
sinew		1	ZMYYC
sing (Han songs)		1	TBL
sing (own songs)		1	TBL
sing folksong before / aft work		1	ZMYYC
sis (young) < e.b.; sis < e.s.		1	ZMYYC
sister (elder) (dir.;e.s. gen		1	ZMYYC
sister (younger) < elder bro		1	ZMYYC
sister (younger) by elder sis.		1	ZMYYC
sister(younger) direct / general		1	ZMYYC
sister-in-law <elder brother's		1	TBL
sisters		1	TBL
sisters (reference by brothers)		1	TBL
sit down		1	TBL
skin (cattle)		1	TBL
skin (leather, hide)		1	TBL
skin (with hair)		1	TBL
skin / flay		1	ZMYYC
skirt (male's)		1	TBL
skirt male; skirt female		1	ZMYYC
skull		1	GEM-CNL
slanting / leaning		1	TBL
slanting, not upright		1	ZMYYC
slanting, not upright (V)		1	ZMYYC
slave		1	GEM-CNL
sleepy, be		1	TBL
slip		1	GEM-CNL
slippery (road)		1	TBL
slope		1	ZMYYC
slope (ascend);slope (descend)		1	ZMYYC
slough off (of a snake)		1	TBL
slow (body movement)		1	TBL
slow (travel)		1	TBL
slowly		1	ZMYYC
sly / cunning		1	TBL
small (age)		1	ZMYYC
smallpox		1	ZMYYC
smile		1	GEM-CNL
smoke (a cigarette)		1	TBL
smoke (an opium cigarette)		1	TBL
smoke / fumigate		1	TBL
smoke / fumigate (with a cypress branch)		1	TBL
smooth / glossy / sleek		1	TBL
snap (a thread)		1	TBL
snap (thread)		1	TBL
snap / break (a stick)		1	TBL
snare / trap		1	TBL
snare / trap (cow hair rope)		1	TBL
snare / trap (for catching birds)		1	TBL
snare / trap (made of metal)		1	TBL
sneaze		1	GEM-CNL
sneeze		1	GEM-CNL
snore		1	GEM-CNL
snot		1	ZMYYC
snot (clear);snot		1	ZMYYC
so (like that)		1	GEM-CNL
soak / immerse(e.g. seed)		1	ZMYYC
soak / steep		1	TBL
sober up		1	TBL
sock / stocking		1	TBL
socks		1	ZMYYC
soft / spongy / loose		1	TBL
soil / earth		1	TBL
solid		1	TBL
solid (of objects)		1	TBL
solid (of the body)		1	TBL
solidify / congeal		1	TBL
son (general term)		1	TBL
son (honorific)		1	TBL
son (intimate)		1	TBL
son-in-law (comes calling)		1	TBL
son-in-law (doesn't come calling)		1	TBL
song (antiphonal)		1	TBL
song (folk)		1	TBL
song (folk, sung in fields during or after work)		1	TBL
song and dance		1	TBL
sore / boil		1	TBL
sorghum		1	ZMYYC
sorry		1	GEM-CNL
soul		1	GEM-CNL
soul / spirit (lit. 'ghost spirit')		1	TBL
sound		1	TBL
soup (<C);juice (broth?)		1	ZMYYC
soup (vegetable)		1	TBL
sow broadcast;dibble seeds		1	ZMYYC
soya bean		1	TBL
soybean		1	ZMYYC
spacious / commodious		1	TBL
spade		1	ZMYYC
span (thumb to index finger)		1	TBL
span (thumb to middle finger)		1	TBL
sparrow hawk		1	TBL
spear		1	GEM-CNL
speech		1	GEM-CNL
speech / words		1	TBL
speech; language		1	ZMYYC
spin (cotton)		1	GEM-CNL
spin (into yarn)		1	TBL
spin (yarn)		1	ZMYYC
spindle (cotton)		1	GEM-CNL
spine / backbone		1	TBL
spirit		1	GEM-CNL
spirit (evil) / demon		1	TBL
spirit (evil) / demon (woman)		1	TBL
spit; spit blood		1	ZMYYC
splash / sprinkle		1	TBL
split		1	GEM-CNL
split open / rend		1	TBL
split open / rend (earth, melon, etc.)		1	TBL
split open / rend (wooden things)		1	TBL
split open;break		1	ZMYYC
split up (bamboo pole)		1	TBL
split up (bamboo strips)		1	TBL
spout / burst forth		1	TBL
spring		1	ZMYYC
spring (season)		1	TBL
spring (season) (lit. 'second, third months')		1	TBL
sprinkle / spray		1	TBL
sprout / shoot		1	TBL
sputum		1	TBL
square (area unit for selling cloth)		1	TBL
square / rectangular		1	TBL
square / rectangular (lit. 'four corners')		1	TBL
square / rectangular (lit. 'four face four corner')		1	TBL
square / rectangular (lit. 'four sides')		1	TBL
square / rectangular (lit. 'four square body')		1	TBL
squeeze		1	GEM-CNL
squeeze (for milk)		1	TBL
stable / fence (horse)		1	TBL
stallion		1	TBL
stamp (one's foot)		1	TBL
standing; stand up		1	ZMYYC
start / begin		1	TBL
start / drive (a car)		1	TBL
startle / disturb		1	TBL
startled, be / shy (of animals)		1	TBL
steam	n,v	1	TBL
steam (cold rice)		1	TBL
steamer (of bamboo, for food)		1	TBL
steamer (rice)		1	TBL
steel		1	ZMYYC
steel (for flint)		1	TBL
steelyard		1	ZMYYC
steelyard / scales		1	TBL
steelyard / scales (big)		1	TBL
steelyard / scales (small)		1	TBL
steelyard large;steelyardSmall		1	ZMYYC
steep		1	ZMYYC
stem / stalk		1	ZMYYC
stem / stalk of grain		1	ZMYYC
step / pass over (ditch)		1	ZMYYC
step / stride		1	TBL
step on / trample / stamp		1	TBL
step on / tread		1	TBL
stepfather		1	TBL
stepfather (older than birth father)		1	TBL
stepfather (younger than birth father)		1	TBL
stepmother		1	TBL
stepmother (older than birth mother)		1	TBL
stepmother (younger than birth mother)		1	TBL
stick down (an envelope)		1	TBL
stick into / stab		1	TBL
sticky / glutinous		1	TBL
sting (of wasps)		1	TBL
stingy		1	TBL
stink		1	GEM-CNL
stinking / smelly		1	TBL
stinky		1	ZMYYC
stir / budge		1	TBL
stir / churn		1	ZMYYC
stir-fry (grain)		1	TBL
stir-fry vegs;stir-fry grain		1	ZMYYC
stirrup		1	TBL
stomach (cow, goat)		1	TBL
stomach (person)		1	TBL
stone / pit		1	ZMYYC
stone / pit (soft)		1	ZMYYC
stone / rock		1	ZMYYC
stone pot; red copper pot		1	ZMYYC
stool		1	ZMYYC
stool / bench		1	TBL
stop / cease		1	TBL
storm		1	GEM-CNL
story		1	TBL
story (of building)		1	TBL
story / tale		1	ZMYYC
stove (cooking) / range (kitchen)		1	TBL
straight (horizontal)		1	TBL
straight (vertical)		1	TBL
strain (tea)		1	ZMYYC
straw		1	GEM-CNL
straw (rice)		1	TBL
straw (rice) (standing stalks)		1	TBL
straw (wheat)		1	TBL
stream		1	ZMYYC
street		1	TBL
strength		1	ZMYYC
strength (physical)		1	TBL
stretch out (the arm)		1	TBL
stretch out (the foot)		1	TBL
stretch out (the waist)		1	TBL
strike (iron)		1	ZMYYC
strike (the table)		1	TBL
strike w / palm;strike w / fist		1	ZMYYC
strike with open palm		1	ZMYYC
string (of beads)		1	TBL
string (oxhide)		1	TBL
string (oxhide) (thick / coarse)		1	TBL
string (oxhide) (thin / fine)		1	TBL
strip off sticky things		1	TBL
stroke / touch		1	TBL
strong		1	GEM-CNL
student		1	ZMYYC
stuff (hole) up		1	ZMYYC
stupid (male)		1	TBL
stupid (male; female)		1	ZMYYC
stutterer		1	TBL
subside (of swelling)		1	TBL
suddenly		1	GEM-CNL
suffer		1	GEM-CNL
sugar (brown)		1	TBL
sugar (honey)		1	TBL
sugar (red)		1	ZMYYC
sugar-cane		1	GEM-CNL
suitable		1	TBL
sulphur		1	TBL
sulphur (brimstone)		1	GEM-CNL
summer (lit. 'hot moon')		1	TBL
summer (lit. 'rainy season')		1	TBL
sunbathe		1	TBL
sunken / dented		1	TBL
sunny		1	ZMYYC
sunny (V)		1	ZMYYC
support / raise		1	TBL
support s.b. with one's hand		1	TBL
support s.b. with one's hand (causative)		1	TBL
support s.b. with one's hand (simplex)		1	TBL
surname		1	ZMYYC
surname / name (family)		1	TBL
surname / name (family) (lit. 'house name')		1	TBL
surround		1	ZMYYC
surround / encircle		1	ZMYYC
surroundings		1	TBL
surroundings (of a room)		1	TBL
surroundings (of a village)		1	TBL
survive (plants)		1	TBL
sustain losses (in business)		1	TBL
swear		1	GEM-CNL
swear / vow		1	TBL
sweat ("black sweat")		1	ZMYYC
sweet potato		1	ZMYYC
swell (of tissue)		1	TBL
swing / sway		1	TBL
swollen		1	ZMYYC
sword		1	GEM-CNL
sword (weaving)		1	GEM-CNL
table (word used by elderly)		1	TBL
table (word used by younger people)		1	TBL
tadpole		1	TBL
tael		1	ZMYYC
tael (= .01 of Burmese jin1 (catty), =16.46g)		1	TBL
tael (=50 grams)		1	TBL
take (a breath)		1	TBL
take / hold / get		1	TBL
take back		1	ZMYYC
take back / put away		1	ZMYYC
take off (clothes)		1	TBL
take off (clothing)		1	ZMYYC
take out (from in between, a part from a whole)		1	TBL
take out from water		1	ZMYYC
take out from water with tool		1	ZMYYC
taken hold of, have / gotten		1	TBL
talk		1	GEM-CNL
tall		1	GEM-CNL
tangerine		1	TBL
taste		1	GEM-CNL
taste ('have a look')		1	TBL
taste / try the flavor of		1	TBL
tasteless / insipid		1	TBL
tasty / delicious		1	TBL
tax		1	GEM-CNL
team (of oxen)		1	TBL
team (of oxen) (lit. 'pair', from Ch. 'shuang1')		1	TBL
team / line (of people (&animals))		1	TBL
tear up / rip		1	TBL
tears		1	TBL
tears (weeping)		1	GEM-CNL
tell (a story)		1	TBL
temper		1	TBL
ten cents		1	TBL
ten million		1	TBL
tender		1	ZMYYC
tender young (plant)		1	TBL
tendon / sinew		1	TBL
tense / tight / taut		1	TBL
testicle		1	TBL
thank		1	GEM-CNL
that (over yonder)		1	TBL
that (way) / (like) that		1	TBL
that side / there		1	TBL
that;that (far)		1	ZMYYC
thatch		1	GEM-CNL
then		1	GEM-CNL
there are (people)		1	TBL
there are (trees on the mountain)		1	TBL
there is (water in the bowl)		1	TBL
there isn't / aren't		1	TBL
there;there (distal)		1	ZMYYC
these		1	TBL
these (people)		1	TBL
these (things)		1	TBL
thick (porridge)		1	TBL
thick (tree)		1	ZMYYC
thigh (of animal)		1	TBL
thigh (of human)		1	TBL
thin (fabric)		1	TBL
thin (hair)		1	TBL
thin (in diameter) / fine / tiny		1	TBL
thin (in diameter) / fine / tiny (of a rope)		1	TBL
thin (in diameter) / fine / tiny (of roasted barley)		1	TBL
thin (in diameter) / fine / tiny (of texture)		1	TBL
thin (of people)		1	ZMYYC
thin (slender)		1	ZMYYC
thin (slender);thin (screen)		1	ZMYYC
thin (watery)		1	ZMYYC
thin out (seedlings)		1	TBL
thing / matter / event		1	ZMYYC
thing / matter / event (work)		1	ZMYYC
thinner, get (body)		1	TBL
thinner, get (body) (livestock)		1	TBL
thinner, get (body) (people)		1	TBL
thirsty (V)		1	ZMYYC
thirsty, be		1	TBL
this side / here		1	TBL
this year		1	TBL
thorn / splinter		1	TBL
those		1	TBL
those (people)		1	TBL
those (things)		1	TBL
thou		1	GEM-CNL
thread (a needle)		1	TBL
thread (knitting wool)		1	TBL
three days ago		1	TBL
three days from now		1	TBL
thresh grain		1	TBL
thresh grain (lit. 'hit chain cangue')		1	TBL
threshing time		1	ZMYYC
threshold		1	TBL
throw / hurl		1	TBL
throw / toss		1	TBL
throw / toss (away from speaker)		1	TBL
throw / toss (towards speaker)		1	TBL
throw out (one's chest)		1	TBL
throw up / vomit		1	TBL
thus / this (way) / (like) this		1	TBL
tie		1	GEM-CNL
tie (a cow) to		1	TBL
tie (e.g. firewood)into a bund		1	ZMYYC
tie(firewood)into bund;tieAnim		1	ZMYYC
time / instance (of biting)		1	TBL
time / instance (of going somewhere)		1	TBL
time / instance (of hitting)		1	TBL
time / instance (of kicking)		1	TBL
tinder		1	TBL
tinea		1	TBL
tinea (erythrasma)		1	TBL
tinea alba		1	TBL
tinker (pans)		1	TBL
tired (V)		1	ZMYYC
tired, be / fatigued		1	TBL
to		1	GEM-CNL
toe		1	GEM-CNL
together		1	GEM-CNL
tomb		1	TBL
tomorrow night / evening		1	TBL
tongs (fire)		1	TBL
tool		1	TBL
top		1	ZMYYC
top (i.e. highest point		1	GEM-CNL
top (i.e. highest point)		1	GEM-CNL
topple / tear down (a wall)		1	TBL
torches (pine)		1	TBL
tortoise		1	TBL
touch		1	GEM-CNL
towards		1	GEM-CNL
tower		1	GEM-CNL
tower / pagoda		1	TBL
tower / pagoda (big)		1	TBL
tower / pagoda (for spirit worship)		1	TBL
town		1	GEM-CNL
train		1	ZMYYC
transplant (rice seedlings)		1	TBL
trap		1	GEM-CNL
trap / pitfall		1	TBL
tray (wooden)		1	TBL
tread		1	ZMYYC
treasured object / treasure		1	TBL
treat / cure		1	ZMYYC
tree trunk		1	ZMYYC
tribe		1	GEM-CNL
trip-hammer for hulling rice		1	TBL
trip-hammer for hulling rice (stone)		1	TBL
trip-hammer for hulling rice (wooden)		1	TBL
trivet		1	TBL
true (words)		1	TBL
trumpet		1	GEM-CNL
trunk		1	TBL
trunk / box		1	ZMYYC
try / attempt		1	TBL
tube (bamboo) for blowing on a fire		1	TBL
tube (sheepskin pantsleg) for blowing on a fire		1	TBL
turbid / muddy		1	ZMYYC
turmeric		1	GEM-CNL
turn		1	GEM-CNL
turn (a corner)		1	TBL
turn (cause to)		1	TBL
turn (round and round)		1	TBL
turn / hand over / consign		1	TBL
turn a mill / grindstone		1	TBL
turn around		1	TBL
turn inside out (clothing) or the reverse		1	TBL
turn one's head to the back		1	TBL
turn over (on bed)		1	TBL
turnip		1	ZMYYC
turtledove		1	TBL
twenty-one		1	ZMYYC
twist (a towel)		1	TBL
twist (hemp fibers) between the palms		1	TBL
twist together		1	ZMYYC
two-stringed instrument		1	ZMYYC
ugly (bad)		1	TBL
ugly (looking)		1	TBL
umbrella		1	TBL
umbrella (lit. 'cloth hat')		1	TBL
uncle		1	GEM-CNL
uncle (maternal aunt's husband		1	ZMYYC
uncle (maternal)		1	ZMYYC
uncle (maternal) direct addres		1	ZMYYC
uncle (paternal aunt's husband		1	ZMYYC
uncle (paternal, elder)		1	ZMYYC
uncle (paternal, elder)(direct		1	ZMYYC
uncle (paternal, elder)(ref.)		1	ZMYYC
uncle (paternal, younger)		1	ZMYYC
uncle (paternal, younger)(ref)		1	ZMYYC
uncle <father's elder brother>		1	TBL
uncle <father's elder brother> (address)		1	TBL
uncle <father's older sister's husba		1	TBL
uncle <father's sister's husba		1	TBL
uncle <father's sister's husba (= father's o. bro)		1	TBL
uncle <father's sister's husband>		1	TBL
uncle <father's younger brother>		1	TBL
uncle <father's younger sister's husba		1	TBL
uncle <mother's brother>		1	TBL
uncle <mother's older brother>		1	TBL
uncle <mother's older sister's husband>		1	TBL
uncle <mother's sister's husba (= as 'mom's br.')		1	TBL
uncle <mother's sister's husband>		1	TBL
uncle <mother's younger brother>		1	TBL
uncle <mother's younger sister's husband>		1	TBL
uncle(mom's elder sis' husband		1	ZMYYC
uncooked / raw		1	TBL
under		1	GEM-CNL
under (the sky)		1	TBL
under (the table)		1	TBL
underneath		1	ZMYYC
understand / grasp		1	TBL
unit of dry measure for grain (=1 decaliter)		1	TBL
unit of dry measure for grain (lit. 'small liter')		1	TBL
unseam (clothing)		1	TBL
unseam (clothing) (causative)		1	TBL
unseam (clothing) (simplex)		1	TBL
untie / undo		1	TBL
until		1	GEM-CNL
up		1	GEM-CNL
upper half of the body		1	TBL
upper part of / upper reaches		1	TBL
upper part of / upper reaches (distal)		1	TBL
upper part of / upper reaches (headwaters)		1	TBL
upper part of / upper reaches (proximal)		1	TBL
upright		1	ZMYYC
upright (N)		1	ZMYYC
upstairs		1	TBL
upstairs (second floor, where people live)		1	TBL
upwards		1	TBL
urge / hurry / speed up		1	TBL
urinate		1	TBL
use or lean on (a walking stic		1	TBL
used / old		1	TBL
used / old (of things)		1	TBL
uvula		1	TBL
valey		1	GEM-CNL
vat / jar		1	TBL
vat / jar (copper)		1	TBL
vat / jar (pottery / earthenware)		1	TBL
vat / jar (stone)		1	TBL
vegetable (cooked)		1	TBL
vegetable (uncooked)		1	TBL
vegetable garden		1	ZMYYC
vehicle		1	ZMYYC
vertical		1	TBL
vicinity / nearby		1	TBL
vicinity / nearby (of a village)		1	TBL
vine (melon)		1	TBL
violate / breach		1	TBL
vulture (cinereous)		1	TBL
wages		1	ZMYYC
wake up (from sleep when it's loud)		1	TBL
wake up (from sleep)		1	TBL
wall (earthen, cob wall)		1	TBL
wall (stone)		1	TBL
walnut		1	TBL
want (to go)		1	TBL
want / need		1	TBL
want to eat (meat) badly		1	TBL
want;will / shall		1	ZMYYC
war		1	GEM-CNL
war, go to / battle		1	TBL
warehouse / storehouse		1	TBL
warm (oneself) near fire		1	ZMYYC
warm oneself by (a fire)		1	TBL
warn		1	GEM-CNL
warp (loom)		1	GEM-CNL
warped, be (e.g. wooden boards)		1	TBL
wart		1	TBL
wash (face)		1	GEM-CNL
wash (generic)		1	GEM-CNL
wash (hand)		1	ZMYYC
wash (pots)		1	GEM-CNL
wash (self)		1	GEM-CNL
washbasin		1	ZMYYC
watch		1	TBL
water (boiled)		1	TBL
water (in a river, well)		1	TBL
water (in a vessel)		1	TBL
water / sprinkle / irrigate		1	TBL
water / sprinkle / irrigate (earth)		1	TBL
water / sprinkle / irrigate (flowers)		1	TBL
water buffalo		1	ZMYYC
water flowers;water ground		1	ZMYYC
water mill		1	TBL
watery / thin (porridge)		1	TBL
wave		1	TBL
wave / wield		1	TBL
wax		1	GEM-CNL
we (dual, inclusive)		1	TBL
we (excl.)		1	GEM-CNL
we (incl.)		1	GEM-CNL
we (two)		1	TBL
we all		1	TBL
weak		1	GEM-CNL
wear		1	GEM-CNL
wear (a bracelet)		1	TBL
wear (a garment)		1	TBL
wear (a hat)		1	TBL
wear (a turban)		1	TBL
wear / bear		1	TBL
weasel (yellow)		1	TBL
weather		1	TBL
weave (a basket)		1	TBL
weave / knit		1	TBL
wedge (wooden)		1	TBL
weep		1	ZMYYC
weft		1	GEM-CNL
weigh		1	ZMYYC
weigh (food)		1	TBL
welcome, bid s.b. / greet		1	TBL
weld / solder		1	TBL
well (adv)		1	GEM-CNL
well (natural)		1	ZMYYC
well-behaved / lovable (child)		1	TBL
west (lit. 'sun set place')		1	TBL
what?		1	GEM-CNL
wheat bran		1	TBL
wheel		1	TBL
when		1	TBL
when?		1	GEM-CNL
where?		1	GEM-CNL
whet (a knife)		1	TBL
which		1	ZMYYC
while, a		1	TBL
whip (for urging a cow)		1	TBL
whip (for urging a horse)		1	TBL
whip / thrash		1	TBL
whip for horse		1	ZMYYC
whisper		1	GEM-CNL
who?		1	GEM-CNL
whole		1	GEM-CNL
why?		1	GEM-CNL
wicked		1	GEM-CNL
wide (in diameter) / coarse		1	TBL
wide (in diameter) / coarse (of a rope)		1	TBL
wide (in diameter) / coarse (of roasted barley)		1	TBL
wide (in diameter) / coarse (of texture)		1	TBL
wide / broad		1	TBL
wide / broad (clothing)		1	TBL
wide / broad (road)		1	TBL
widower		1	GEM-CNL
wife (address)		1	TBL
wife (proper, honorable)		1	TBL
wife (reference)		1	TBL
wife (vulgo)		1	TBL
wild goose		1	ZMYYC
win / triumph		1	ZMYYC
wind (thread onto a keel)		1	TBL
wind;gale		1	ZMYYC
wing, feather, fin		1	ZMYYC
winter (lit. 'dry season')		1	TBL
wipe (the table)		1	TBL
wipe away / erase		1	TBL
wise		1	GEM-CNL
wish		1	GEM-CNL
witch / sorceress		1	TBL
with (accompaniment)		1	GEM-CNL
withdraw / take out		1	TBL
withhold the facts / conceal		1	TBL
within		1	GEM-CNL
without		1	GEM-CNL
witness		1	GEM-CNL
wizard / sorcerer		1	TBL
wizard / sorcerer (local area)		1	TBL
wizard / sorcerer (pastoral area)		1	TBL
wok (frying)		1	TBL
wok (large, iron) / pan		1	TBL
wonderful		1	GEM-CNL
wood		1	ZMYYC
wood (timber)		1	GEM-CNL
wood / log		1	TBL
woodcut		1	TBL
woodpecker		1	TBL
wool / fleece		1	TBL
wool / fleece (goat)		1	TBL
wool / fleece (sheep)		1	TBL
word		1	GEM-CNL
word / character		1	ZMYYC
work		1	GEM-CNL
worker		1	ZMYYC
world		1	GEM-CNL
worm		1	GEM-CNL
worry / anxious, be		1	TBL
worship		1	GEM-CNL
worship / make obeisance to		1	TBL
woven, tightly (fabric)		1	TBL
wring (e.g. wet cloth)		1	ZMYYC
wrinkle		1	TBL
wrinkle (on face)		1	TBL
wrinkle (on forehead)		1	TBL
wrinkled / creased		1	TBL
wristwatch		1	ZMYYC
wrong / mistaken		1	ZMYYC
wrong / mistaken (N)		1	ZMYYC
wrong, be		1	TBL
yak		1	TBL
yak (female)		1	TBL
yak (male)		1	TBL
yam		1	GEM-CNL
yawn		1	TBL
year (age of person, animal)		1	ZMYYC
year / age		1	ZMYYC
year of the chicken		1	TBL
year of the dog		1	TBL
year of the dragon		1	TBL
year of the horse		1	TBL
year of the monkey		1	TBL
year of the mouse		1	TBL
year of the ox		1	TBL
year of the pig		1	TBL
year of the rabbit		1	TBL
year of the ram		1	TBL
year of the snake		1	TBL
year of the tiger		1	TBL
year's (work)		1	TBL
year, last		1	ZMYYC
year, next		1	ZMYYC
year, this		1	ZMYYC
yeast		1	GEM-CNL
yell / shout		1	TBL
yes		1	GEM-CNL
yesterday evening / last night		1	TBL
you (sg.)		1	ZMYYC
young woman (unmarried)		1	ZMYYC
younger brother		1	TBL
younger brother (address by o. brother)		1	TBL
younger brother (address by o. sister)		1	TBL
younger brother (address)		1	TBL
younger brother (addressby o. sister)		1	TBL
younger brother (reference)		1	TBL
younger sister		1	TBL
younger sister (address by o. brother)		1	TBL
younger sister (address by o. sister)		1	TBL
younger sister (address)		1	TBL
younger sister (reference by brothers)		1	TBL
yourself		1	TBL
yuan (Chinese money)		1	TBL
yuan (Chinese money) (lit. = clf. for flat obj.)		1	TBL
yuan (Chinese money) (renminbi)		1	TBL
yuan (Chinese money) (silver dollar)		1	TBL
zero		1	ZMYYC
February		2	TBL,ZMYYC
January		2	TBL,ZMYYC
angry		2	GEM-CNL,ZMYYC
ankle		2	GEM-CNL,TBL
answer		2	GEM-CNL,ZMYYC
ant		2	TBL,ZMYYC
armpit		2	TBL,ZMYYC
ascend		2	GEM-CNL,ZMYYC
ashes		2	GEM-CNL,ZMYYC
axe		2	GEM-CNL,TBL
baby		2	GEM-CNL,TBL
bark		2	TBL,ZMYYC
barley		2	TBL,ZMYYC
bat		2	TBL,ZMYYC
be		2	GEM-CNL,TBL
beam		2	GEM-CNL,ZMYYC
bear		2	TBL,ZMYYC
bear (fruit)		2	GEM-CNL,TBL
bear fruit		2	GEM-CNL,ZMYYC
bedbug		2	TBL,ZMYYC
bee		2	GEM-CNL,TBL
begin		2	GEM-CNL,ZMYYC
believe		2	GEM-CNL,ZMYYC
bell		2	TBL,ZMYYC
big		2	GEM-CNL,ZMYYC
birth, give		2	GEM-CNL,ZMYYC
blind person		2	TBL,ZMYYC
blue		2	TBL,ZMYYC
blunt		2	GEM-CNL,ZMYYC
boar		2	TBL,ZMYYC
boat		2	GEM-CNL,ZMYYC
boil	n,v,vi	2	GEM-CNL,ZMYYC
bone		2	GEM-CNL,TBL
bottle		2	TBL,ZMYYC
bowl		2	TBL,ZMYYC
branch		2	GEM-CNL,ZMYYC
brass		2	GEM-CNL,TBL
break		2	GEM-CNL,ZMYYC
brick		2	TBL,ZMYYC
bright		2	TBL,ZMYYC
brother (elder)		2	GEM-CNL,ZMYYC
brother (younger)		2	GEM-CNL,ZMYYC
buckwheat (sweet)		2	TBL,ZMYYC
buffalo		2	GEM-CNL,TBL
bullet		2	GEM-CNL,ZMYYC
burn		2	GEM-CNL,TBL
bury		2	GEM-CNL,TBL
buttocks		2	TBL,ZMYYC
calculate		2	TBL,ZMYYC
calf	n,nbp	2	TBL,ZMYYC
carpenter		2	TBL,ZMYYC
catch		2	GEM-CNL,ZMYYC
cattle		2	GEM-CNL,TBL
cattle (common)		2	TBL,ZMYYC
cave		2	GEM-CNL,ZMYYC
chair		2	GEM-CNL,ZMYYC
charcoal		2	GEM-CNL,TBL
cheek		2	GEM-CNL,TBL
chew		2	TBL,ZMYYC
chopper		2	TBL,ZMYYC
chopsticks		2	TBL,ZMYYC
classifier for people		2	TBL,ZMYYC
classifier for trees		2	TBL,ZMYYC
claw		2	GEM-CNL,ZMYYC
clear (water)		2	TBL,ZMYYC
cliff		2	TBL,ZMYYC
clothes		2	GEM-CNL,ZMYYC
coal		2	TBL,ZMYYC
cock		2	GEM-CNL,TBL
cold		2	GEM-CNL,ZMYYC
cook / boil (rice)		2	TBL,ZMYYC
cough		2	GEM-CNL,TBL
count		2	GEM-CNL,ZMYYC
cow		2	GEM-CNL,TBL
crooked		2	GEM-CNL,ZMYYC
crops		2	TBL,ZMYYC
crow	n,v	2	TBL,ZMYYC
cup		2	GEM-CNL,ZMYYC
dare		2	TBL,ZMYYC
daughter-in-law		2	TBL,ZMYYC
day after tomorrow		2	TBL,ZMYYC
day before yesterday		2	TBL,ZMYYC
deaf person		2	TBL,ZMYYC
deer		2	TBL,ZMYYC
descend		2	GEM-CNL,ZMYYC
dish		2	GEM-CNL,ZMYYC
ditch		2	GEM-CNL,ZMYYC
divide		2	GEM-CNL,ZMYYC
do		2	GEM-CNL,ZMYYC
doctor		2	TBL,ZMYYC
donkey		2	TBL,ZMYYC
dove		2	GEM-CNL,TBL
dragon		2	TBL,ZMYYC
dragon (sky)		2	TBL,ZMYYC
dragonfly		2	TBL,ZMYYC
drop	n,v	2	TBL,ZMYYC
dust		2	GEM-CNL,TBL
dye		2	TBL,ZMYYC
eagle		2	GEM-CNL,ZMYYC
earring		2	GEM-CNL,ZMYYC
earth		2	GEM-CNL,ZMYYC
earthworm		2	TBL,ZMYYC
empty		2	GEM-CNL,TBL
enemy		2	GEM-CNL,ZMYYC
enter		2	GEM-CNL,ZMYYC
exchange		2	TBL,ZMYYC
excrement		2	TBL,ZMYYC
expensive		2	TBL,ZMYYC
eyebrow		2	TBL,ZMYYC
far		2	GEM-CNL,ZMYYC
fart		2	TBL,ZMYYC
fast		2	GEM-CNL,ZMYYC
fat	adj,n	2	GEM-CNL,TBL
father-in-law		2	TBL,ZMYYC
fear		2	GEM-CNL,ZMYYC
feather		2	GEM-CNL,ZMYYC
field		2	GEM-CNL,ZMYYC
firewood		2	TBL,ZMYYC
fist		2	TBL,ZMYYC
float		2	TBL,ZMYYC
flow		2	GEM-CNL,ZMYYC
flute		2	GEM-CNL,ZMYYC
fog		2	TBL,ZMYYC
follow		2	GEM-CNL,TBL
forearm		2	TBL,ZMYYC
forest		2	GEM-CNL,TBL
fox		2	TBL,ZMYYC
front		2	TBL,ZMYYC
frost		2	TBL,ZMYYC
future		2	TBL,ZMYYC
get		2	GEM-CNL,ZMYYC
girl		2	GEM-CNL,TBL
give		2	GEM-CNL,TBL
glad	v,vi	2	GEM-CNL,ZMYYC
go		2	GEM-CNL,ZMYYC
go out		2	GEM-CNL,TBL
gong		2	TBL,ZMYYC
goose		2	TBL,ZMYYC
granddaughter		2	TBL,ZMYYC
grandson		2	TBL,ZMYYC
grape		2	TBL,ZMYYC
grasshopper		2	GEM-CNL,ZMYYC
grave		2	GEM-CNL,ZMYYC
grind		2	GEM-CNL,ZMYYC
guest		2	TBL,ZMYYC
gun		2	GEM-CNL,ZMYYC
gunpowder		2	TBL,ZMYYC
hail		2	TBL,ZMYYC
hair		2	GEM-CNL,TBL
hat		2	TBL,ZMYYC
he		2	GEM-CNL,TBL
hear		2	GEM-CNL,TBL
hide		2	GEM-CNL,ZMYYC
high / tall		2	TBL,ZMYYC
hole		2	GEM-CNL,ZMYYC
hook	n,v	2	GEM-CNL,TBL
horizontal		2	TBL,ZMYYC
host		2	TBL,ZMYYC
how		2	GEM-CNL,TBL
hungry		2	GEM-CNL,ZMYYC
husk		2	GEM-CNL,ZMYYC
ice		2	TBL,ZMYYC
inch		2	TBL,ZMYYC
ink		2	GEM-CNL,ZMYYC
insect / worm		2	TBL,ZMYYC
inside		2	TBL,ZMYYC
intestines		2	GEM-CNL,ZMYYC
jackal		2	GEM-CNL,TBL
king		2	GEM-CNL,TBL
kitchen		2	GEM-CNL,TBL
knead (dough)		2	TBL,ZMYYC
knee		2	GEM-CNL,TBL
kneel		2	TBL,ZMYYC
knife (long)		2	TBL,ZMYYC
ladle		2	GEM-CNL,TBL
lame person		2	TBL,ZMYYC
lamp		2	GEM-CNL,ZMYYC
language		2	GEM-CNL,ZMYYC
laugh		2	GEM-CNL,ZMYYC
leak		2	TBL,ZMYYC
left		2	TBL,ZMYYC
leg		2	GEM-CNL,ZMYYC
leopard		2	GEM-CNL,ZMYYC
lick		2	GEM-CNL,ZMYYC
lie down		2	GEM-CNL,TBL
life		2	GEM-CNL,TBL
light	adj,n	2	TBL,ZMYYC
lightning	n,v	2	GEM-CNL,TBL
lizard		2	GEM-CNL,TBL
lock		2	TBL,ZMYYC
locust		2	GEM-CNL,TBL
lose		2	GEM-CNL,ZMYYC
lose (a game)		2	TBL,ZMYYC
love		2	GEM-CNL,ZMYYC
low		2	GEM-CNL,ZMYYC
lung		2	TBL,ZMYYC
maggot		2	TBL,ZMYYC
magpie		2	TBL,ZMYYC
maize		2	GEM-CNL,ZMYYC
manage	v,vt	2	TBL,ZMYYC
many / much		2	TBL,ZMYYC
marry (a woman)		2	TBL,ZMYYC
match		2	TBL,ZMYYC
measure		2	TBL,ZMYYC
meat		2	GEM-CNL,TBL
medicine		2	TBL,ZMYYC
millet		2	GEM-CNL,TBL
mirror		2	TBL,ZMYYC
monkey		2	TBL,ZMYYC
month		2	TBL,ZMYYC
mortar		2	TBL,ZMYYC
mother-in-law		2	TBL,ZMYYC
mountain		2	GEM-CNL,ZMYYC
mouse		2	GEM-CNL,TBL
move		2	GEM-CNL,TBL
mule		2	TBL,ZMYYC
mushroom		2	TBL,ZMYYC
mute		2	TBL,ZMYYC
navel		2	GEM-CNL,TBL
nest		2	GEM-CNL,ZMYYC
net		2	GEM-CNL,TBL
night		2	GEM-CNL,ZMYYC
nine		2	TBL,ZMYYC
nineteen		2	TBL,ZMYYC
ninety		2	TBL,ZMYYC
nit		2	TBL,ZMYYC
now		2	GEM-CNL,ZMYYC
oil		2	GEM-CNL,ZMYYC
one		2	TBL,ZMYYC
open		2	GEM-CNL,TBL
oppose		2	TBL,ZMYYC
orphan		2	GEM-CNL,TBL
owl		2	GEM-CNL,TBL
pants / trousers		2	TBL,ZMYYC
paper		2	TBL,ZMYYC
pass by		2	GEM-CNL,ZMYYC
past, in the		2	TBL,ZMYYC
pea		2	TBL,ZMYYC
peach		2	TBL,ZMYYC
peacock		2	GEM-CNL,TBL
peanut		2	TBL,ZMYYC
pen		2	GEM-CNL,ZMYYC
pencil		2	TBL,ZMYYC
persimmon		2	TBL,ZMYYC
person		2	GEM-CNL,ZMYYC
pestle		2	TBL,ZMYYC
pheasant		2	TBL,ZMYYC
pick up		2	TBL,ZMYYC
pig		2	TBL,ZMYYC
pigeon		2	GEM-CNL,ZMYYC
pine		2	TBL,ZMYYC
place		2	GEM-CNL,TBL
plait		2	TBL,ZMYYC
plate		2	GEM-CNL,ZMYYC
pointed		2	TBL,ZMYYC
poison		2	GEM-CNL,ZMYYC
pond		2	TBL,ZMYYC
porcupine		2	GEM-CNL,TBL
potato		2	TBL,ZMYYC
press		2	GEM-CNL,ZMYYC
price		2	GEM-CNL,ZMYYC
prison		2	GEM-CNL,TBL
protect		2	TBL,ZMYYC
pull		2	GEM-CNL,ZMYYC
pus		2	TBL,ZMYYC
push		2	GEM-CNL,ZMYYC
rabbit		2	TBL,ZMYYC
receive		2	GEM-CNL,TBL
remember		2	TBL,ZMYYC
rest		2	TBL,ZMYYC
return	v,vt	2	TBL,ZMYYC
return (come back)		2	GEM-CNL,TBL
rib		2	GEM-CNL,TBL
rice (paddy)		2	GEM-CNL,TBL
rice (uncooked)		2	GEM-CNL,ZMYYC
right		2	TBL,ZMYYC
right / correct		2	TBL,ZMYYC
ring		2	TBL,ZMYYC
rise		2	GEM-CNL,ZMYYC
road		2	GEM-CNL,TBL
roof		2	GEM-CNL,TBL
rope		2	GEM-CNL,ZMYYC
round		2	GEM-CNL,ZMYYC
sad		2	GEM-CNL,TBL
saddle		2	TBL,ZMYYC
salty		2	TBL,ZMYYC
scold		2	TBL,ZMYYC
scratch		2	GEM-CNL,ZMYYC
second	adj,num	2	GEM-CNL,TBL
self		2	GEM-CNL,ZMYYC
servant		2	GEM-CNL,TBL
set (of the sun)		2	TBL,ZMYYC
shoot		2	GEM-CNL,ZMYYC
shout	clf,v	2	GEM-CNL,TBL
side		2	TBL,ZMYYC
sink		2	GEM-CNL,TBL
sister (elder)		2	GEM-CNL,ZMYYC
sister (younger)		2	GEM-CNL,ZMYYC
sit		2	GEM-CNL,ZMYYC
six		2	TBL,ZMYYC
sixteen		2	TBL,ZMYYC
sixty		2	TBL,ZMYYC
sleeve		2	TBL,ZMYYC
smooth		2	GEM-CNL,ZMYYC
snail		2	GEM-CNL,TBL
soap		2	TBL,ZMYYC
soldier		2	TBL,ZMYYC
some		2	GEM-CNL,TBL
son-in-law		2	TBL,ZMYYC
soul / spirit		2	TBL,ZMYYC
soup		2	TBL,ZMYYC
sow	n,v	2	GEM-CNL,TBL
speak		2	GEM-CNL,TBL
spoon		2	GEM-CNL,TBL
spring (water)		2	TBL,ZMYYC
square		2	GEM-CNL,ZMYYC
squirrel		2	GEM-CNL,TBL
stick		2	GEM-CNL,ZMYYC
sting		2	GEM-CNL,ZMYYC
stir-fry		2	TBL,ZMYYC
stomach		2	TBL,ZMYYC
stone		2	GEM-CNL,TBL
stupid		2	TBL,ZMYYC
suck		2	GEM-CNL,TBL
sugarcane		2	TBL,ZMYYC
swim		2	GEM-CNL,TBL
take		2	GEM-CNL,ZMYYC
taro		2	GEM-CNL,ZMYYC
tea		2	GEM-CNL,TBL
teacher		2	GEM-CNL,ZMYYC
tear	n,v	2	GEM-CNL,ZMYYC
tell		2	TBL,ZMYYC
temple		2	TBL,ZMYYC
ten		2	TBL,ZMYYC
ten thousand		2	TBL,ZMYYC
thief		2	GEM-CNL,TBL
thirsty		2	GEM-CNL,ZMYYC
thirteen		2	TBL,ZMYYC
thirty		2	TBL,ZMYYC
thorn		2	GEM-CNL,ZMYYC
thousand		2	TBL,ZMYYC
three		2	TBL,ZMYYC
throw		2	GEM-CNL,ZMYYC
thumb		2	GEM-CNL,TBL
tight		2	GEM-CNL,ZMYYC
tile		2	TBL,ZMYYC
tin		2	TBL,ZMYYC
tired		2	GEM-CNL,ZMYYC
tobacco		2	GEM-CNL,ZMYYC
tonight		2	GEM-CNL,TBL
torch		2	GEM-CNL,TBL
tremble		2	GEM-CNL,ZMYYC
twelve		2	TBL,ZMYYC
twenty		2	TBL,ZMYYC
untie		2	GEM-CNL,ZMYYC
valley		2	GEM-CNL,TBL
very		2	GEM-CNL,ZMYYC
voice		2	GEM-CNL,ZMYYC
vomit		2	GEM-CNL,ZMYYC
wake up		2	TBL,ZMYYC
want		2	GEM-CNL,ZMYYC
warm		2	TBL,ZMYYC
we		2	TBL,ZMYYC
we (inclusive)		2	TBL,ZMYYC
we two		2	GEM-CNL,ZMYYC
weave		2	GEM-CNL,ZMYYC
wedge		2	TBL,ZMYYC
what		2	TBL,ZMYYC
wheat		2	TBL,ZMYYC
where		2	TBL,ZMYYC
whip		2	TBL,ZMYYC
who		2	TBL,ZMYYC
wide		2	GEM-CNL,ZMYYC
widow		2	GEM-CNL,TBL
willow		2	TBL,ZMYYC
win		2	TBL,ZMYYC
winnow		2	TBL,ZMYYC
wipe		2	GEM-CNL,ZMYYC
wither		2	TBL,ZMYYC
work / labor		2	TBL,ZMYYC
wound	n,v	2	GEM-CNL,TBL
wrist		2	GEM-CNL,TBL
wrong		2	GEM-CNL,TBL
year after next		2	TBL,ZMYYC
year before last		2	TBL,ZMYYC
you		2	GEM-CNL,TBL
you (pl.)		2	TBL,ZMYYC
young man		2	GEM-CNL,ZMYYC
young woman		2	GEM-CNL,ZMYYC
I		3	GEM-CNL,TBL,ZMYYC
arm		3	GEM-CNL,TBL,ZMYYC
arrive		3	GEM-CNL,TBL,ZMYYC
arrow		3	GEM-CNL,TBL,ZMYYC
bad		3	GEM-CNL,TBL,ZMYYC
bamboo		3	GEM-CNL,TBL,ZMYYC
beard		3	GEM-CNL,TBL,ZMYYC
beautiful		3	GEM-CNL,TBL,ZMYYC
bed		3	GEM-CNL,TBL,ZMYYC
belly		3	GEM-CNL,TBL,ZMYYC
bird		3	GEM-CNL,TBL,ZMYYC
bite		3	GEM-CNL,TBL,ZMYYC
bitter		3	GEM-CNL,TBL,ZMYYC
black		3	GEM-CNL,TBL,ZMYYC
bladder		3	GEM-CNL,TBL,ZMYYC
blood		3	GEM-CNL,TBL,ZMYYC
body		3	GEM-CNL,TBL,ZMYYC
book		3	GEM-CNL,TBL,ZMYYC
bracelet		3	GEM-CNL,TBL,ZMYYC
breast		3	GEM-CNL,TBL,ZMYYC
bridge		3	GEM-CNL,TBL,ZMYYC
broom		3	GEM-CNL,TBL,ZMYYC
bud	n,nveg,v	3	GEM-CNL,TBL,ZMYYC
bull		3	GEM-CNL,TBL,ZMYYC
butterfly		3	GEM-CNL,TBL,ZMYYC
buy		3	GEM-CNL,TBL,ZMYYC
cat		3	GEM-CNL,TBL,ZMYYC
centipede		3	GEM-CNL,TBL,ZMYYC
cheap		3	GEM-CNL,TBL,ZMYYC
chest		3	GEM-CNL,TBL,ZMYYC
chicken		3	GEM-CNL,TBL,ZMYYC
child		3	GEM-CNL,TBL,ZMYYC
chin		3	GEM-CNL,TBL,ZMYYC
clean		3	GEM-CNL,TBL,ZMYYC
cloth		3	GEM-CNL,TBL,ZMYYC
cloud		3	GEM-CNL,TBL,ZMYYC
comb	n,v	3	GEM-CNL,TBL,ZMYYC
come		3	GEM-CNL,TBL,ZMYYC
copper		3	GEM-CNL,TBL,ZMYYC
cotton		3	GEM-CNL,TBL,ZMYYC
cucumber		3	GEM-CNL,TBL,ZMYYC
dance	n,v	3	GEM-CNL,TBL,ZMYYC
dark		3	GEM-CNL,TBL,ZMYYC
daughter		3	GEM-CNL,TBL,ZMYYC
deep		3	GEM-CNL,TBL,ZMYYC
dew		3	GEM-CNL,TBL,ZMYYC
die		3	GEM-CNL,TBL,ZMYYC
difficult		3	GEM-CNL,TBL,ZMYYC
dig		3	GEM-CNL,TBL,ZMYYC
dirty		3	GEM-CNL,TBL,ZMYYC
dog		3	GEM-CNL,TBL,ZMYYC
door		3	GEM-CNL,TBL,ZMYYC
dream	n,v	3	GEM-CNL,TBL,ZMYYC
drink		3	GEM-CNL,TBL,ZMYYC
drum		3	GEM-CNL,TBL,ZMYYC
dry		3	GEM-CNL,TBL,ZMYYC
duck		3	GEM-CNL,TBL,ZMYYC
ear		3	GEM-CNL,TBL,ZMYYC
early		3	GEM-CNL,TBL,ZMYYC
east		3	GEM-CNL,TBL,ZMYYC
easy		3	GEM-CNL,TBL,ZMYYC
eat		3	GEM-CNL,TBL,ZMYYC
egg		3	GEM-CNL,TBL,ZMYYC
eight		3	GEM-CNL,TBL,ZMYYC
eighteen		3	GEM-CNL,TBL,ZMYYC
eighty		3	GEM-CNL,TBL,ZMYYC
elbow		3	GEM-CNL,TBL,ZMYYC
elephant		3	GEM-CNL,TBL,ZMYYC
eleven		3	GEM-CNL,TBL,ZMYYC
eye		3	GEM-CNL,TBL,ZMYYC
face		3	GEM-CNL,TBL,ZMYYC
false		3	GEM-CNL,TBL,ZMYYC
father		3	GEM-CNL,TBL,ZMYYC
fifteen		3	GEM-CNL,TBL,ZMYYC
fifty		3	GEM-CNL,TBL,ZMYYC
fight		3	GEM-CNL,TBL,ZMYYC
finger		3	GEM-CNL,TBL,ZMYYC
fire		3	GEM-CNL,TBL,ZMYYC
first	n,num	3	GEM-CNL,TBL,ZMYYC
fish	n,v	3	GEM-CNL,TBL,ZMYYC
five		3	GEM-CNL,TBL,ZMYYC
flea		3	GEM-CNL,TBL,ZMYYC
flour		3	GEM-CNL,TBL,ZMYYC
flower	n,nveg	3	GEM-CNL,TBL,ZMYYC
fly	Nanim,n,v	3	GEM-CNL,TBL,ZMYYC
foot		3	GEM-CNL,TBL,ZMYYC
forehead		3	GEM-CNL,TBL,ZMYYC
forget		3	GEM-CNL,TBL,ZMYYC
forty		3	GEM-CNL,TBL,ZMYYC
four		3	GEM-CNL,TBL,ZMYYC
fourteen		3	GEM-CNL,TBL,ZMYYC
friend		3	GEM-CNL,TBL,ZMYYC
frog		3	GEM-CNL,TBL,ZMYYC
fruit		3	GEM-CNL,TBL,ZMYYC
full		3	GEM-CNL,TBL,ZMYYC
garlic		3	GEM-CNL,TBL,ZMYYC
ginger		3	GEM-CNL,TBL,ZMYYC
goat		3	GEM-CNL,TBL,ZMYYC
gold		3	GEM-CNL,TBL,ZMYYC
good		3	GEM-CNL,TBL,ZMYYC
grandfather		3	GEM-CNL,TBL,ZMYYC
grandmother		3	GEM-CNL,TBL,ZMYYC
grass		3	GEM-CNL,TBL,ZMYYC
green		3	GEM-CNL,TBL,ZMYYC
grow		3	GEM-CNL,TBL,ZMYYC
half		3	GEM-CNL,TBL,ZMYYC
hand		3	GEM-CNL,TBL,ZMYYC
hard		3	GEM-CNL,TBL,ZMYYC
hate		3	GEM-CNL,TBL,ZMYYC
head		3	GEM-CNL,TBL,ZMYYC
heart		3	GEM-CNL,TBL,ZMYYC
heavy		3	GEM-CNL,TBL,ZMYYC
help		3	GEM-CNL,TBL,ZMYYC
hen		3	GEM-CNL,TBL,ZMYYC
here		3	GEM-CNL,TBL,ZMYYC
hoe		3	GEM-CNL,TBL,ZMYYC
hoof		3	GEM-CNL,TBL,ZMYYC
horn		3	GEM-CNL,TBL,ZMYYC
horse		3	GEM-CNL,TBL,ZMYYC
hot		3	GEM-CNL,TBL,ZMYYC
house		3	GEM-CNL,TBL,ZMYYC
hundred		3	GEM-CNL,TBL,ZMYYC
hunt		3	GEM-CNL,TBL,ZMYYC
husband		3	GEM-CNL,TBL,ZMYYC
iron		3	GEM-CNL,TBL,ZMYYC
jump		3	GEM-CNL,TBL,ZMYYC
key		3	GEM-CNL,TBL,ZMYYC
kick		3	GEM-CNL,TBL,ZMYYC
kidney		3	GEM-CNL,TBL,ZMYYC
kill		3	GEM-CNL,TBL,ZMYYC
knife		3	GEM-CNL,TBL,ZMYYC
know		3	GEM-CNL,TBL,ZMYYC
ladder		3	GEM-CNL,TBL,ZMYYC
lake		3	GEM-CNL,TBL,ZMYYC
late		3	GEM-CNL,TBL,ZMYYC
lazy		3	GEM-CNL,TBL,ZMYYC
leaf	n,nveg	3	GEM-CNL,TBL,ZMYYC
learn		3	GEM-CNL,TBL,ZMYYC
leech		3	GEM-CNL,TBL,ZMYYC
letter		3	GEM-CNL,TBL,ZMYYC
lip		3	GEM-CNL,TBL,ZMYYC
listen		3	GEM-CNL,TBL,ZMYYC
liver		3	GEM-CNL,TBL,ZMYYC
long		3	GEM-CNL,TBL,ZMYYC
loom		3	GEM-CNL,TBL,ZMYYC
louse		3	GEM-CNL,TBL,ZMYYC
mat		3	GEM-CNL,TBL,ZMYYC
middle		3	GEM-CNL,TBL,ZMYYC
milk	n,v	3	GEM-CNL,TBL,ZMYYC
money		3	GEM-CNL,TBL,ZMYYC
moon		3	GEM-CNL,TBL,ZMYYC
morning		3	GEM-CNL,TBL,ZMYYC
mosquito		3	GEM-CNL,TBL,ZMYYC
mother		3	GEM-CNL,TBL,ZMYYC
mouth		3	GEM-CNL,TBL,ZMYYC
mud		3	GEM-CNL,TBL,ZMYYC
name	n,vt	3	GEM-CNL,TBL,ZMYYC
narrow		3	GEM-CNL,TBL,ZMYYC
near		3	GEM-CNL,TBL,ZMYYC
neck		3	GEM-CNL,TBL,ZMYYC
needle		3	GEM-CNL,TBL,ZMYYC
new		3	GEM-CNL,TBL,ZMYYC
noon		3	GEM-CNL,TBL,ZMYYC
north		3	GEM-CNL,TBL,ZMYYC
nose		3	GEM-CNL,TBL,ZMYYC
old man		3	GEM-CNL,TBL,ZMYYC
otter		3	GEM-CNL,TBL,ZMYYC
outside		3	GEM-CNL,TBL,ZMYYC
pillow		3	GEM-CNL,TBL,ZMYYC
poor		3	GEM-CNL,TBL,ZMYYC
pumpkin		3	GEM-CNL,TBL,ZMYYC
rain	n,v	3	GEM-CNL,TBL,ZMYYC
rainbow		3	GEM-CNL,TBL,ZMYYC
rake	n,v	3	GEM-CNL,TBL,ZMYYC
read		3	GEM-CNL,TBL,ZMYYC
red		3	GEM-CNL,TBL,ZMYYC
rice (cooked)		3	GEM-CNL,TBL,ZMYYC
rich		3	GEM-CNL,TBL,ZMYYC
river		3	GEM-CNL,TBL,ZMYYC
root	n,nveg	3	GEM-CNL,TBL,ZMYYC
run		3	GEM-CNL,TBL,ZMYYC
rust	n,v	3	GEM-CNL,TBL,ZMYYC
salt		3	GEM-CNL,TBL,ZMYYC
sand		3	GEM-CNL,TBL,ZMYYC
saw	n,v	3	GEM-CNL,TBL,ZMYYC
scissors		3	GEM-CNL,TBL,ZMYYC
sea		3	GEM-CNL,TBL,ZMYYC
see	n,v	3	GEM-CNL,TBL,ZMYYC
seed		3	GEM-CNL,TBL,ZMYYC
sell		3	GEM-CNL,TBL,ZMYYC
seven		3	GEM-CNL,TBL,ZMYYC
seventeen		3	GEM-CNL,TBL,ZMYYC
seventy		3	GEM-CNL,TBL,ZMYYC
shadow		3	GEM-CNL,TBL,ZMYYC
shallow		3	GEM-CNL,TBL,ZMYYC
sharp		3	GEM-CNL,TBL,ZMYYC
sheep		3	GEM-CNL,TBL,ZMYYC
shoe		3	GEM-CNL,TBL,ZMYYC
short		3	GEM-CNL,TBL,ZMYYC
shoulder	n,v	3	GEM-CNL,TBL,ZMYYC
sickle		3	GEM-CNL,TBL,ZMYYC
silver		3	GEM-CNL,TBL,ZMYYC
sing		3	GEM-CNL,TBL,ZMYYC
skin		3	GEM-CNL,TBL,ZMYYC
skirt		3	GEM-CNL,TBL,ZMYYC
sky		3	GEM-CNL,TBL,ZMYYC
sleep		3	GEM-CNL,TBL,ZMYYC
slow		3	GEM-CNL,TBL,ZMYYC
small		3	GEM-CNL,TBL,ZMYYC
smell		3	GEM-CNL,TBL,ZMYYC
smoke		3	GEM-CNL,TBL,ZMYYC
snake		3	GEM-CNL,TBL,ZMYYC
snow		3	GEM-CNL,TBL,ZMYYC
soft		3	GEM-CNL,TBL,ZMYYC
son		3	GEM-CNL,TBL,ZMYYC
song		3	GEM-CNL,TBL,ZMYYC
sour		3	GEM-CNL,TBL,ZMYYC
south		3	GEM-CNL,TBL,ZMYYC
sparrow		3	GEM-CNL,TBL,ZMYYC
spider		3	GEM-CNL,TBL,ZMYYC
spit		3	GEM-CNL,TBL,ZMYYC
stand		3	GEM-CNL,TBL,ZMYYC
star		3	GEM-CNL,TBL,ZMYYC
steal		3	GEM-CNL,TBL,ZMYYC
straight		3	GEM-CNL,TBL,ZMYYC
sugar		3	GEM-CNL,TBL,ZMYYC
summer		3	GEM-CNL,TBL,ZMYYC
sun		3	GEM-CNL,TBL,ZMYYC
swallow	n,v,vi,vt	3	GEM-CNL,TBL,ZMYYC
sweat		3	GEM-CNL,TBL,ZMYYC
sweep		3	GEM-CNL,TBL,ZMYYC
sweet		3	GEM-CNL,TBL,ZMYYC
table		3	GEM-CNL,TBL,ZMYYC
tail		3	GEM-CNL,TBL,ZMYYC
teach		3	GEM-CNL,TBL,ZMYYC
that	adj,dem	3	GEM-CNL,TBL,ZMYYC
there		3	GEM-CNL,TBL,ZMYYC
they		3	GEM-CNL,TBL,ZMYYC
they two		3	GEM-CNL,TBL,ZMYYC
thick		3	GEM-CNL,TBL,ZMYYC
thigh		3	GEM-CNL,TBL,ZMYYC
thin		3	GEM-CNL,TBL,ZMYYC
thing		3	GEM-CNL,TBL,ZMYYC
think		3	GEM-CNL,TBL,ZMYYC
this	adj,dem	3	GEM-CNL,TBL,ZMYYC
thread		3	GEM-CNL,TBL,ZMYYC
throat		3	GEM-CNL,TBL,ZMYYC
thunder	n,v	3	GEM-CNL,TBL,ZMYYC
tiger		3	GEM-CNL,TBL,ZMYYC
time		3	GEM-CNL,TBL,ZMYYC
today		3	GEM-CNL,TBL,ZMYYC
tomorrow		3	GEM-CNL,TBL,ZMYYC
tongue		3	GEM-CNL,TBL,ZMYYC
tooth		3	GEM-CNL,TBL,ZMYYC
tree		3	GEM-CNL,TBL,ZMYYC
true		3	GEM-CNL,TBL,ZMYYC
two		3	GEM-CNL,TBL,ZMYYC
ugly		3	GEM-CNL,TBL,ZMYYC
understand		3	GEM-CNL,TBL,ZMYYC
urine		3	GEM-CNL,TBL,ZMYYC
use		3	GEM-CNL,TBL,ZMYYC
vegetable		3	GEM-CNL,TBL,ZMYYC
village		3	GEM-CNL,TBL,ZMYYC
waist		3	GEM-CNL,TBL,ZMYYC
wait		3	GEM-CNL,TBL,ZMYYC
walk		3	GEM-CNL,TBL,ZMYYC
wall		3	GEM-CNL,TBL,ZMYYC
wash (clothes)		3	GEM-CNL,TBL,ZMYYC
water	n,v	3	GEM-CNL,TBL,ZMYYC
well		3	GEM-CNL,TBL,ZMYYC
west		3	GEM-CNL,TBL,ZMYYC
wet		3	GEM-CNL,TBL,ZMYYC
white		3	GEM-CNL,TBL,ZMYYC
wife		3	GEM-CNL,TBL,ZMYYC
wind		3	GEM-CNL,TBL,ZMYYC
window		3	GEM-CNL,TBL,ZMYYC
wing		3	GEM-CNL,TBL,ZMYYC
winter		3	GEM-CNL,TBL,ZMYYC
wolf		3	GEM-CNL,TBL,ZMYYC
woman		3	GEM-CNL,TBL,ZMYYC
wrap		3	GEM-CNL,TBL,ZMYYC
write		3	GEM-CNL,TBL,ZMYYC
year		3	GEM-CNL,TBL,ZMYYC
yellow		3	GEM-CNL,TBL,ZMYYC
yesterday		3	GEM-CNL,TBL,ZMYYC
yoke		3	GEM-CNL,TBL,ZMYYC
you two		3	GEM-CNL,TBL,ZMYYC
young		3	GEM-CNL,TBL,ZMYYC
