rn	reflex	gloss	gfn	srcabbr	lgid	language	srcid
325756	fa siɔ 16	end of school		Dell-Bai	1793	Bai (Dali)	1
325757	fa tue 31	object to, to		Dell-Bai	1793	Bai (Dali)	2
325758	fe 2	very		Dell-Bai	1793	Bai (Dali)	3
325759	fö lu ?2	stove / furnace		Dell-Bai	1793	Bai (Dali)	4
325760	fö zö 66	dragonfly		Dell-Bai	1793	Bai (Dali)	5
325761	fö zö ??	kite		Dell-Bai	1793	Bai (Dali)	6
325762	foe niɛ 22:66	fever, have a, to		Dell-Bai	1793	Bai (Dali)	7
325763	foe 3/4	back side; turn over, to		Dell-Bai	1793	Bai (Dali)	8
325764	fv 1	bee		Dell-Bai	1793	Bai (Dali)	9
325765	fv mi 12	honey		Dell-Bai	1793	Bai (Dali)	10
325766	fv 2	six		Dell-Bai	1793	Bai (Dali)	11
325767	-fv 2			Dell-Bai	1793	Bai (Dali)	12
325768	fv 2	calligraphy brush		Dell-Bai	1793	Bai (Dali)	13
325769	fv suɛ 25	diarrhea		Dell-Bai	1793	Bai (Dali)	14
325770	fv ts'ɛ 22	saw	n	Dell-Bai	1793	Bai (Dali)	15
325771	fv tö 37	axe		Dell-Bai	1793	Bai (Dali)	16
325772	fv 6	seal, to		Dell-Bai	1793	Bai (Dali)	17
325773	fv fv sɛ ??5	fan		Dell-Bai	1793	Bai (Dali)	18
325774	ka 2	OBJECT MARKER, similar to Chinese ba		Dell-Bai	1793	Bai (Dali)	19
325775	ka pi 26	pen (for writing)		Dell-Bai	1793	Bai (Dali)	20
325776	ka soe 22	beggar		Dell-Bai	1793	Bai (Dali)	21
325777	ka 3	tell / announce, to		Dell-Bai	1793	Bai (Dali)	22
325778	ka 4	wharf		Dell-Bai	1793	Bai (Dali)	23
325779	ka 4	dare, to		Dell-Bai	1793	Bai (Dali)	24
325780	ka 6	teach, to		Dell-Bai	1793	Bai (Dali)	25
325781	ka 6	vat		Dell-Bai	1793	Bai (Dali)	26
325782	ka 6	dry		Dell-Bai	1793	Bai (Dali)	27
325783	ka 6	high		Dell-Bai	1793	Bai (Dali)	28
325784	ka 6	thick (not fluid, of congee)		Dell-Bai	1793	Bai (Dali)	29
325785	ka 7	hold in mouth, to		Dell-Bai	1793	Bai (Dali)	30
325786	ka na 76	olive		Dell-Bai	1793	Bai (Dali)	31
325787	ke 6	toward		Dell-Bai	1793	Bai (Dali)	32
325788	ke 6	hen		Dell-Bai	1793	Bai (Dali)	33
325789	ke k'v 6 3/4	chicken hut		Dell-Bai	1793	Bai (Dali)	34
325790	ke mɔ 63	hen (as opposed to rooster)		Dell-Bai	1793	Bai (Dali)	35
325791	ke sɛ 65	egg (chicken)		Dell-Bai	1793	Bai (Dali)	36
325792	ke tsw 62	chicken		Dell-Bai	1793	Bai (Dali)	37
325793	ke 7	climb, to		Dell-Bai	1793	Bai (Dali)	38
325794	kɛ 2	see, to		Dell-Bai	1793	Bai (Dali)	39
325795	kɛ koe 36	reform	n	Dell-Bai	1793	Bai (Dali)	40
325796	ko tö 6:26	person with pock-marked face		Dell-Bai	1793	Bai (Dali)	41
325797	ko 3	two		Dell-Bai	1793	Bai (Dali)	42
325798	ko 7	fat		Dell-Bai	1793	Bai (Dali)	43
325799	koe ni 12	today		Dell-Bai	1793	Bai (Dali)	44
325800	koe tsw sua 1?2	year, this		Dell-Bai	1793	Bai (Dali)	45
325801	koe 2	go by / occur, to		Dell-Bai	1793	Bai (Dali)	46
325802	koe pioe 22	that which divides the property of two people		Dell-Bai	1793	Bai (Dali)	47
325803	koe tɔ 5 3/4	precious		Dell-Bai	1793	Bai (Dali)	48
325804	-koe 6			Dell-Bai	1793	Bai (Dali)	49
325805	koe 6	doubt / suspect, to		Dell-Bai	1793	Bai (Dali)	50
325806	koe 6	fear, to		Dell-Bai	1793	Bai (Dali)	51
325807	koe kw 66	fever, intermittent		Dell-Bai	1793	Bai (Dali)	52
325808	koe miw 61	revolution		Dell-Bai	1793	Bai (Dali)	53
325809	koe 7	meat		Dell-Bai	1793	Bai (Dali)	54
325810	kɔ lɛ 12	butterfly		Dell-Bai	1793	Bai (Dali)	55
325811	kɔ 5	rainbow		Dell-Bai	1793	Bai (Dali)	56
325812	kɔ sy 53	dew		Dell-Bai	1793	Bai (Dali)	57
325813	kɔ 6	cake		Dell-Bai	1793	Bai (Dali)	58
325814	kɔ lia 66	sorghum		Dell-Bai	1793	Bai (Dali)	59
325815	kɔ tsw 62	pigeon		Dell-Bai	1793	Bai (Dali)	60
325816	kɔ 7	sea / lake		Dell-Bai	1793	Bai (Dali)	61
325817	kɔ tv 75	hole		Dell-Bai	1793	Bai (Dali)	62
325818	kɔ ?	foot / hoof of an animal		Dell-Bai	1793	Bai (Dali)	63
325819	kɔ lɔ tsw ???	oyster		Dell-Bai	1793	Bai (Dali)	64
325820	ku sw 11	story / tale		Dell-Bai	1793	Bai (Dali)	65
325821	ku zoe 28	worker		Dell-Bai	1793	Bai (Dali)	66
325822	ku 3	old		Dell-Bai	1793	Bai (Dali)	67
325823	ku pɔ 36	man, old		Dell-Bai	1793	Bai (Dali)	68
325824	ku tue 32	story		Dell-Bai	1793	Bai (Dali)	69
325825	ku tsu 36	Tibetan		Dell-Bai	1793	Bai (Dali)	70
325826	ku iɔ 34	woman, old		Dell-Bai	1793	Bai (Dali)	71
325827	ku 4	story		Dell-Bai	1793	Bai (Dali)	72
325828	ku 6	aunt (father's sister)		Dell-Bai	1793	Bai (Dali)	73
325829	-ku 6			Dell-Bai	1793	Bai (Dali)	74
325830	ku ma 62	syn. ku 6; cf. ma 2		Dell-Bai	1793	Bai (Dali)	75
325831	ku 6	thick (not fluid)		Dell-Bai	1793	Bai (Dali)	76
325832	ku 7	bridge		Dell-Bai	1793	Bai (Dali)	77
325833	ku 7	bottle		Dell-Bai	1793	Bai (Dali)	78
325834	kua 2	stick / hook onto / hang, to		Dell-Bai	1793	Bai (Dali)	79
325835	kua ts'ɛ 61	coffin		Dell-Bai	1793	Bai (Dali)	80
325836	kua zu 66	pants		Dell-Bai	1793	Bai (Dali)	81
325837	kua tsɛ 78	stutterer		Dell-Bai	1793	Bai (Dali)	82
325838	kue tiw 21	regulation		Dell-Bai	1793	Bai (Dali)	83
325839	kue xuo 26	Osmanthus fragrans (type of flower)		Dell-Bai	1793	Bai (Dali)	84
325840	kue 3	scram, to		Dell-Bai	1793	Bai (Dali)	85
325841	kuɛ fv p'ɔ 218	widow		Dell-Bai	1793	Bai (Dali)	86
325842	kuɛ tsw 23	restaurant		Dell-Bai	1793	Bai (Dali)	87
325843	kuɛ 3/4	turn, to		Dell-Bai	1793	Bai (Dali)	88
325844	kuo 6	rice on stalk		Dell-Bai	1793	Bai (Dali)	89
325845	kuo 6	classifier (numeral) for cigarettes: iä 2 ko 3, ku		Dell-Bai	1793	Bai (Dali)	90
325846	kuo 6	pot		Dell-Bai	1793	Bai (Dali)	91
325847	kuo ts'a 64	spatula		Dell-Bai	1793	Bai (Dali)	92
325848	kuo tɔ 63-	grow / big, get, to		Dell-Bai	1793	Bai (Dali)	93
325849	kuoe 5	bad (speaking about the character of a person or a		Dell-Bai	1793	Bai (Dali)	94
325850	kuoe 7			Dell-Bai	1793	Bai (Dali)	95
325851	kuoe 7	horizontal		Dell-Bai	1793	Bai (Dali)	96
325852	kv nio tɔ 134	deaf		Dell-Bai	1793	Bai (Dali)	97
325853	kv tö pɔ 127	deaf		Dell-Bai	1793	Bai (Dali)	98
325854	kv koe 2:5 6	dresser		Dell-Bai	1793	Bai (Dali)	99
325855	kv lv 22	corner		Dell-Bai	1793	Bai (Dali)	100
325856	kv 6	yell / shout / cry, to		Dell-Bai	1793	Bai (Dali)	101
325857	kv 6	submerge, to		Dell-Bai	1793	Bai (Dali)	102
325858	kv 6	ditch	n	Dell-Bai	1793	Bai (Dali)	103
325859	kv ngv 66	fish (sp., Schizopygetaliensis)		Dell-Bai	1793	Bai (Dali)	104
325860	kv tö 72	hunchback		Dell-Bai	1793	Bai (Dali)	105
325861	kw lö kw 112	hook	n	Dell-Bai	1793	Bai (Dali)	106
325862	kw 3-	[CHIN gloss, gei: to give]		Dell-Bai	1793	Bai (Dali)	107
325863	kw 3	thick		Dell-Bai	1793	Bai (Dali)	108
325864	kw 3	old / used		Dell-Bai	1793	Bai (Dali)	109
325865	kw ts'ö 34	shallot		Dell-Bai	1793	Bai (Dali)	110
325866	kw 6	cold		Dell-Bai	1793	Bai (Dali)	111
325867	kw 7	flow		Dell-Bai	1793	Bai (Dali)	112
325868	kw 7	sell, to		Dell-Bai	1793	Bai (Dali)	113
325869	kw 7	mount , to(a horse)		Dell-Bai	1793	Bai (Dali)	114
325870	k'a 2	thirst		Dell-Bai	1793	Bai (Dali)	115
325871	k'a 8	carry on shoulder, to		Dell-Bai	1793	Bai (Dali)	116
325872	k'e 1	lead by hand or bridle, to		Dell-Bai	1793	Bai (Dali)	117
325873	k'o siɔ 26	science		Dell-Bai	1793	Bai (Dali)	118
325874	k'o 3/4	grill, to		Dell-Bai	1793	Bai (Dali)	119
325875	k'oe tö 17	stairs		Dell-Bai	1793	Bai (Dali)	120
325876	k'oe v 13	buttocks		Dell-Bai	1793	Bai (Dali)	121
325877	k'ɔ 1	press (oneself) against, to		Dell-Bai	1793	Bai (Dali)	122
325878	k'ɔ sö 14	cough, to		Dell-Bai	1793	Bai (Dali)	123
325879	k'ɔ 2	cry, to		Dell-Bai	1793	Bai (Dali)	124
325880	k'ɔ siɔ 26	science		Dell-Bai	1793	Bai (Dali)	125
325881	k'ua 2	large		Dell-Bai	1793	Bai (Dali)	126
325882	k'ua pi pɔ 264	thigh		Dell-Bai	1793	Bai (Dali)	127
325883	k'ua tö tsɛ 232	knee		Dell-Bai	1793	Bai (Dali)	128
325884	k'ua 3/4	dog (general)		Dell-Bai	1793	Bai (Dali)	129
325885	k'ua mɔ 33	dog (f.)		Dell-Bai	1793	Bai (Dali)	130
325886	k'ua to 36	dog (m.)		Dell-Bai	1793	Bai (Dali)	131
325887	k'ue miw 28	Kun-ming, capital of Yunnan		Dell-Bai	1793	Bai (Dali)	131
325888	k'uoe 1	slanted		Dell-Bai	1793	Bai (Dali)	132
325889	k'uoe 8	crooked, on its side		Dell-Bai	1793	Bai (Dali)	133
325890	k'v 1	empty		Dell-Bai	1793	Bai (Dali)	134
325891	k'v 2	arched		Dell-Bai	1793	Bai (Dali)	135
325892	k'v 3	snake		Dell-Bai	1793	Bai (Dali)	136
325893	k'w 1	open, to		Dell-Bai	1793	Bai (Dali)	137
325894	k'w ts'oe 12	drive, to (a vehicle)		Dell-Bai	1793	Bai (Dali)	138
325895	k'w 2	upwards; lift up, to		Dell-Bai	1793	Bai (Dali)	139
325896	k'w pɔ 37	inside, the		Dell-Bai	1793	Bai (Dali)	140
325897	la 4	lazy		Dell-Bai	1793	Bai (Dali)	141
325898	la 5	again		Dell-Bai	1793	Bai (Dali)	142
325899	la tsw 64	pepper (hot)		Dell-Bai	1793	Bai (Dali)	143
325900	la tsw 64	wheat bran		Dell-Bai	1793	Bai (Dali)	144
325901	la 8	blue		Dell-Bai	1793	Bai (Dali)	145
325902	la ka 82	obstacle / barrier		Dell-Bai	1793	Bai (Dali)	146
325903	le 1	also		Dell-Bai	1793	Bai (Dali)	147
325904	le 7	classifier (numeral) for nu 7, bag		Dell-Bai	1793	Bai (Dali)	148
325905	lɛ xoe ma ???	toad		Dell-Bai	1793	Bai (Dali)	149
325906	li tsw 12	lychee		Dell-Bai	1793	Bai (Dali)	150
325907	lia 2	bright		Dell-Bai	1793	Bai (Dali)	151
325908	lia sua 84	cool		Dell-Bai	1793	Bai (Dali)	152
325909	liɔ 2	throw, to		Dell-Bai	1793	Bai (Dali)	153
325910	liw 8	zero		Dell-Bai	1793	Bai (Dali)	154
325911	lia 2	dry, put out to, to		Dell-Bai	1793	Bai (Dali)	155
325912	lö 2	FINAL PARTICLE		Dell-Bai	1793	Bai (Dali)	156
325913	lö pɔ 34	blanket		Dell-Bai	1793	Bai (Dali)	157
325914	lɔ sw 36	honest		Dell-Bai	1793	Bai (Dali)	158
325915	lɔ toe 66	blind		Dell-Bai	1793	Bai (Dali)	159
325916	lɔ |tsw 62	mule		Dell-Bai	1793	Bai (Dali)	160
325917	lɔ 7	tiger		Dell-Bai	1793	Bai (Dali)	161
325918	lɔ sɛ 72	sieve		Dell-Bai	1793	Bai (Dali)	162
325919	lɔ sɛ 75	var. of the preceding		Dell-Bai	1793	Bai (Dali)	163
325920	lɔ 8	pull out of water, to		Dell-Bai	1793	Bai (Dali)	164
325921	lɔ ti sio 812	peanut		Dell-Bai	1793	Bai (Dali)	165
325922	lu 6	enough		Dell-Bai	1793	Bai (Dali)	167
325923	lu 6	stag		Dell-Bai	1793	Bai (Dali)	168
325924	lue 3/4	pile up, to		Dell-Bai	1793	Bai (Dali)	169
325925	lue 6	undress / remove, to		Dell-Bai	1793	Bai (Dali)	170
325926	lue 7	thunder		Dell-Bai	1793	Bai (Dali)	171
325927	luɛ 2	burning hot		Dell-Bai	1793	Bai (Dali)	172
325928	luö tsw 8 3/4	wheel		Dell-Bai	1793	Bai (Dali)	173
325929	lv 2	green		Dell-Bai	1793	Bai (Dali)	174
325930	ma 2	mother		Dell-Bai	1793	Bai (Dali)	175
325931	ma ma 22	rice, cooked (baby word)		Dell-Bai	1793	Bai (Dali)	176
325932	ma 4	full		Dell-Bai	1793	Bai (Dali)	177
325933	ma 6	scrub / rub, to		Dell-Bai	1793	Bai (Dali)	178
325934	ma pɔ 62	rag		Dell-Bai	1793	Bai (Dali)	179
325935	ma t'v 64	meat bun		Dell-Bai	1793	Bai (Dali)	180
325936	ma 7	rip out / pull out, to		Dell-Bai	1793	Bai (Dali)	181
325937	ma 7	hair		Dell-Bai	1793	Bai (Dali)	182
325938	ma 8	busy, be, to		Dell-Bai	1793	Bai (Dali)	183
325939	me 3	hulled rice		Dell-Bai	1793	Bai (Dali)	184
325940	-me 3			Dell-Bai	1793	Bai (Dali)	185
325941	me mɔ 66	eyebrow		Dell-Bai	1793	Bai (Dali)	186
325942	me 7	door		Dell-Bai	1793	Bai (Dali)	187
325943	me k'a 74	threshhold		Dell-Bai	1793	Bai (Dali)	188
325944	me 8	grow moldy, to		Dell-Bai	1793	Bai (Dali)	189
325945	me t'a 81	coal		Dell-Bai	1793	Bai (Dali)	190
325946	me io 88	gasoline		Dell-Bai	1793	Bai (Dali)	191
325947	mi ua 12	moon		Dell-Bai	1793	Bai (Dali)	192
325948	mi tu 26	tail		Dell-Bai	1793	Bai (Dali)	193
325949	mi 3/4	think (of) / reflect, to		Dell-Bai	1793	Bai (Dali)	194
325950	mi tö 32	think, to		Dell-Bai	1793	Bai (Dali)	195
325951	miɛ zi 82	lined dress		Dell-Bai	1793	Bai (Dali)	196
325952	miɔ 4:5	vertical, abrupt		Dell-Bai	1793	Bai (Dali)	197
325953	miɔ tsuö 84	aim, to		Dell-Bai	1793	Bai (Dali)	198
325954	miw 7	bamboo bark		Dell-Bai	1793	Bai (Dali)	199
325955	mö 2	choke, to		Dell-Bai	1793	Bai (Dali)	200
325956	mö 2	wheat		Dell-Bai	1793	Bai (Dali)	201
325957	mö mi xoe 221	noodles		Dell-Bai	1793	Bai (Dali)	202
325958	mö tsɔ 27	grinding stone for ink		Dell-Bai	1793	Bai (Dali)	203
325959	mö tsw 22	mosquito		Dell-Bai	1793	Bai (Dali)	204
325960	mö 8	cover, to		Dell-Bai	1793	Bai (Dali)	205
325961	moe ni 12	tomorrow		Dell-Bai	1793	Bai (Dali)	206
325962	moe tsw sua 1?2	next year		Dell-Bai	1793	Bai (Dali)	207
325963	moe mi 25	wheat flour		Dell-Bai	1793	Bai (Dali)	208
325964	moe 3	horse		Dell-Bai	1793	Bai (Dali)	209
325965	moe 5	buy, to		Dell-Bai	1793	Bai (Dali)	210
325966	moe 7	sound / ring, to		Dell-Bai	1793	Bai (Dali)	211
325967	moe 7	bright		Dell-Bai	1793	Bai (Dali)	212
325968	moe xa ?1	open the eyes wide, to		Dell-Bai	1793	Bai (Dali)	213
325969	mɔ 2	feel / touch , to		Dell-Bai	1793	Bai (Dali)	214
325970	mɔ 3	female suffix for animals, vs. to 6=masc. suffix f		Dell-Bai	1793	Bai (Dali)	215
325971	-mɔ 3			Dell-Bai	1793	Bai (Dali)	216
325972	mɔ 5	grave	n	Dell-Bai	1793	Bai (Dali)	217
325973	mɔ 5Ð	narrow		Dell-Bai	1793	Bai (Dali)	218
325974	mɔ sw 66	W.C.		Dell-Bai	1793	Bai (Dali)	219
325975	mɔ siɛ zi 812	sweater		Dell-Bai	1793	Bai (Dali)	220
325976	mɔ tsiw 82	towel	n	Dell-Bai	1793	Bai (Dali)	221
325977	mu ta sw 224	pitiable		Dell-Bai	1793	Bai (Dali)	222
325978	mu 3	NEGATION		Dell-Bai	1793	Bai (Dali)	223
325979	mu 3	five		Dell-Bai	1793	Bai (Dali)	224
325980	-mu 3/4			Dell-Bai	1793	Bai (Dali)	225
325981	mu 7	escape / run away, to		Dell-Bai	1793	Bai (Dali)	226
325982	na 1	particle marking incompleteness		Dell-Bai	1793	Bai (Dali)	227
325983	na 1	you (pl)		Dell-Bai	1793	Bai (Dali)	227
325984	na 3/4	rotten		Dell-Bai	1793	Bai (Dali)	228
325985	na kua 66	pumpkin		Dell-Bai	1793	Bai (Dali)	229
325986	na tsw sua ??2	last year		Dell-Bai	1793	Bai (Dali)	230
325987	na 7	south		Dell-Bai	1793	Bai (Dali)	231
325988	na 7	difficult		Dell-Bai	1793	Bai (Dali)	232
325989	na xa 71	ugly		Dell-Bai	1793	Bai (Dali)	233
325990	na si 82	Naxi (national minority)		Dell-Bai	1793	Bai (Dali)	234
325991	ne 6	pinch, to		Dell-Bai	1793	Bai (Dali)	235
325992	nɛ 2	two		Dell-Bai	1793	Bai (Dali)	236
325993	nɛ 2	grasp, to		Dell-Bai	1793	Bai (Dali)	237
325994	nɛ 7	mud		Dell-Bai	1793	Bai (Dali)	238
325995	ni 1	2 pers pronoun (formal), for addressing a superior		Dell-Bai	1793	Bai (Dali)	239
325996	ni 1	CONJUNCTION: and		Dell-Bai	1793	Bai (Dali)	240
325997	ni 1	Used for question formation, by insertion before m		Dell-Bai	1793	Bai (Dali)	241
325998	ni 2	day		Dell-Bai	1793	Bai (Dali)	242
325999	ni sioe 22	day		Dell-Bai	1793	Bai (Dali)	243
326000	ni si xw 264	day		Dell-Bai	1793	Bai (Dali)	244
326001	ni 7	classifier (numeral) for persons		Dell-Bai	1793	Bai (Dali)	245
326002	ni koe 76	person		Dell-Bai	1793	Bai (Dali)	246
326003	-ni tsw 72			Dell-Bai	1793	Bai (Dali)	247
326004	nia 1	we / us		Dell-Bai	1793	Bai (Dali)	248
326005	nia 6	step over, to		Dell-Bai	1793	Bai (Dali)	249
326006	niɛ p'i 24	sun		Dell-Bai	1793	Bai (Dali)	250
326007	niɛ tö 24	lunch		Dell-Bai	1793	Bai (Dali)	251
326008	-niɛ 2:6			Dell-Bai	1793	Bai (Dali)	252
326009	nio tsw 32	button		Dell-Bai	1793	Bai (Dali)	253
326010	nio 3/4	twist, to		Dell-Bai	1793	Bai (Dali)	254`
326011	nio tɔ 34	ear		Dell-Bai	1793	Bai (Dali)	255
326012	niɔ 2	Don't...(expresses prohibition)		Dell-Bai	1793	Bai (Dali)	256
326013	niɔ mioe 25	extremely		Dell-Bai	1793	Bai (Dali)	257
326014	nio mɔ 63	woman		Dell-Bai	1793	Bai (Dali)	258
326015	niw 6	wrinkle	n	Dell-Bai	1793	Bai (Dali)	259
326016	niw 6	knead, to		Dell-Bai	1793	Bai (Dali)	260
326017	niw 6:7	silver (metal)		Dell-Bai	1793	Bai (Dali)	261
326018	nö nɔ 12	your, yours (pl)		Dell-Bai	1793	Bai (Dali)	262
326019	nö tsw t'ɛ ??1	ladder		Dell-Bai	1793	Bai (Dali)	263
326020	noe 3	receive, to		Dell-Bai	1793	Bai (Dali)	264
326021	-nÐɔ 2			Dell-Bai	1793	Bai (Dali)	265
326022	nɔ 2	malicious		Dell-Bai	1793	Bai (Dali)	267
326023	nɔ 3/4	you (sg)		Dell-Bai	1793	Bai (Dali)	268
326024	nu 7	bag		Dell-Bai	1793	Bai (Dali)	269
326025	nu miw 88	peasant		Dell-Bai	1793	Bai (Dali)	270
326026	nu iɛ 86	agriculture		Dell-Bai	1793	Bai (Dali)	271
326027	nv 3/4	woman, girl		Dell-Bai	1793	Bai (Dali)	272
326028	nv na tsw 332	small girl		Dell-Bai	1793	Bai (Dali)	273
326029	nv sɔ w 328	son-in-law		Dell-Bai	1793	Bai (Dali)	274
326030	nv t'ɛ 32	younger sister		Dell-Bai	1793	Bai (Dali)	275
326031	nv tsi 38	niece (brother's daughter)		Dell-Bai	1793	Bai (Dali)	276
326032	nga 2	bite / chew / gnaw, to		Dell-Bai	1793	Bai (Dali)	277
326033	nga 1	we / us		Dell-Bai	1793	Bai (Dali)	278
326034	nge 7	shoe		Dell-Bai	1793	Bai (Dali)	279
326035	ngö 7	bovine	n	Dell-Bai	1793	Bai (Dali)	280
326036	ngö mɔ 73	cow		Dell-Bai	1793	Bai (Dali)	281
326037	ngö to 76	bull		Dell-Bai	1793	Bai (Dali)	282
326038	ngoe 3	motion particle or verb?		Dell-Bai	1793	Bai (Dali)	283
326039	ngoe 3/4	collar		Dell-Bai	1793	Bai (Dali)	284
326040	ngoe p'ioe 31	var. of 284		Dell-Bai	1793	Bai (Dali)	285
326041	ngoe 7	particle, or verb of movement ?		Dell-Bai	1793	Bai (Dali)	286
326042	ngoe 7	shoot	n	Dell-Bai	1793	Bai (Dali)	287
326043	ngoe tɛ tö 827	forehead		Dell-Bai	1793	Bai (Dali)	288
326044	ngɔ 3/4	I / me		Dell-Bai	1793	Bai (Dali)	289
326045	ngɔ 7	FINAL PARTICLE		Dell-Bai	1793	Bai (Dali)	290
326046	ngv 6	fish		Dell-Bai	1793	Bai (Dali)	291
326047	ngv 7	yellow		Dell-Bai	1793	Bai (Dali)	292
326048	ngv ta ??	furniture		Dell-Bai	1793	Bai (Dali)	293
326049	ngw 1	my, mine		Dell-Bai	1793	Bai (Dali)	294
326050	pa 1	they, them		Dell-Bai	1793	Bai (Dali)	295
326051	pa 2	pull with a rope, to		Dell-Bai	1793	Bai (Dali)	296
326052	pa pa 22	bun		Dell-Bai	1793	Bai (Dali)	297
326053	pa tö 5:8 1	bench		Dell-Bai	1793	Bai (Dali)	298
326054	pa 7	displace / move, to		Dell-Bai	1793	Bai (Dali)	299
326055	pe 3	meal (evening)		Dell-Bai	1793	Bai (Dali)	300
326056	pe koe 35	evening		Dell-Bai	1793	Bai (Dali)	301
326057	pe 7	peel, to		Dell-Bai	1793	Bai (Dali)	302
326058	pe 7|	skin, peel	n	Dell-Bai	1793	Bai (Dali)	303
326059	pɛ 2	go, to		Dell-Bai	1793	Bai (Dali)	304
326060	pɛ 2	classifier (numeral) for money, ts'e 1		Dell-Bai	1793	Bai (Dali)	305
326061	pɛ fa 16	means		Dell-Bai	1793	Bai (Dali)	306
326062	pɛ 8	insert, to		Dell-Bai	1793	Bai (Dali)	307
326063	pi 3/4	low (adj.)	adj	Dell-Bai	1793	Bai (Dali)	308
326064	pi sɛ 32	wing		Dell-Bai	1793	Bai (Dali)	309
326065	pi sɛ 32	competition		Dell-Bai	1793	Bai (Dali)	310
326066	pi 5	change, to		Dell-Bai	1793	Bai (Dali)	311
326067	pi 6	salt		Dell-Bai	1793	Bai (Dali)	312
326068	pi 6	braid, to		Dell-Bai	1793	Bai (Dali)	313
326069	pi xu 64	lizard		Dell-Bai	1793	Bai (Dali)	314
326070	pi sw 66	wind		Dell-Bai	1793	Bai (Dali)	315
326071	pi zö 66	dragonfly		Dell-Bai	1793	Bai (Dali)	316
326072	pi fv sw 732	nose		Dell-Bai	1793	Bai (Dali)	317
326073	pi pö 77	ant		Dell-Bai	1793	Bai (Dali)	318
326074	pia 2	eight		Dell-Bai	1793	Bai (Dali)	319
326075	pia 3	similar, of the same type		Dell-Bai	1793	Bai (Dali)	320
326076	pia sw 32	thus, in that way		Dell-Bai	1793	Bai (Dali)	321
326077	pia 8	take in one's arms, embrace (an adult)	v	Dell-Bai	1793	Bai (Dali)	322
326078	piɛ 6	shore		Dell-Bai	1793	Bai (Dali)	323
326079	piɛ 6	other		Dell-Bai	1793	Bai (Dali)	324
326080	pioe 2	ask / question, to		Dell-Bai	1793	Bai (Dali)	325
326081	pioe 8	unsalted		Dell-Bai	1793	Bai (Dali)	326
326082	piɔ tsuö 24	norm		Dell-Bai	1793	Bai (Dali)	327
326083	piɔ tsue 24	var. of the preceding		Dell-Bai	1793	Bai (Dali)	328
326084	piɔ y 2 3/4	slogan		Dell-Bai	1793	Bai (Dali)	329
326085	piɔ 3-	NEGATION		Dell-Bai	1793	Bai (Dali)	330
326086	piw pa 21	popsicle		Dell-Bai	1793	Bai (Dali)	331
326087	piw tsi liw 288	ice cream		Dell-Bai	1793	Bai (Dali)	332
326088	pö(-nɔ) 1(2)	his		Dell-Bai	1793	Bai (Dali)	333
326089	pö ta 12	over there		Dell-Bai	1793	Bai (Dali)	334
326090	pö tö mö 176	again		Dell-Bai	1793	Bai (Dali)	335
326091	pö tö ni ??2	day before yesterday	n	Dell-Bai	1793	Bai (Dali)	336
326092	pö tö sua ??2	year before last	n	Dell-Bai	1793	Bai (Dali)	337
326093	pö tsia 18	other		Dell-Bai	1793	Bai (Dali)	338
326094	pö 2	north		Dell-Bai	1793	Bai (Dali)	339
326095	pö 2	stupid		Dell-Bai	1793	Bai (Dali)	340
326096	pö sia 32	those		Dell-Bai	1793	Bai (Dali)	341
326097	pö tö 37	that		Dell-Bai	1793	Bai (Dali)	342
326098	pö ue 33	over there		Dell-Bai	1793	Bai (Dali)	343
326099	pö w 37	owl		Dell-Bai	1793	Bai (Dali)	344
326100	poe 3/4	illness		Dell-Bai	1793	Bai (Dali)	345
326101	poe 7	flat		Dell-Bai	1793	Bai (Dali)	346
326102	poe 7	classifier (numeral) for grass, ts'u 1 ko 3 poe 7		Dell-Bai	1793	Bai (Dali)	347
326103	poe 8	(1) white; (2) Bai (national minority)		Dell-Bai	1793	Bai (Dali)	348
326104	poe sɛ ts'ö 824	cabbage		Dell-Bai	1793	Bai (Dali)	349
326105	poe t'u 81	rabbit		Dell-Bai	1793	Bai (Dali)	350
326106	poe tsw 82	Bai person		Dell-Bai	1793	Bai (Dali)	351
326107	poe v 87	crazy, mad		Dell-Bai	1793	Bai (Dali)	352
326108	pɔ 1	hug (a child), to. vs. pia 8		Dell-Bai	1793	Bai (Dali)	353
326109	pɔ tsw 14	panther		Dell-Bai	1793	Bai (Dali)	354
326110	pɔ mɔ tsi 236	basket to sort grains		Dell-Bai	1793	Bai (Dali)	355
326111	pɔ 3/4	he, she		Dell-Bai	1793	Bai (Dali)	356
326112	pɔ 6	wrap, to		Dell-Bai	1793	Bai (Dali)	357
326113	pɔ 6	husband		Dell-Bai	1793	Bai (Dali)	358
326114	pɔ tsw ku 622	neck		Dell-Bai	1793	Bai (Dali)	359
326115	-pɔ 7			Dell-Bai	1793	Bai (Dali)	360
326116	pɔ 7	other (?)		Dell-Bai	1793	Bai (Dali)	361
326117	pɔ pi 76	next to		Dell-Bai	1793	Bai (Dali)	362
326118	pɔ 8	thin		Dell-Bai	1793	Bai (Dali)	363
326119	pu 4	step	n	Dell-Bai	1793	Bai (Dali)	364
326120	puo li 28	glass		Dell-Bai	1793	Bai (Dali)	365
326121	p'a 1	fat		Dell-Bai	1793	Bai (Dali)	366
326122	p'a xɛ 84	crab		Dell-Bai	1793	Bai (Dali)	367
326123	p'e 1	rip, to		Dell-Bai	1793	Bai (Dali)	368
326124	p'ɛ mu 27	forget, to		Dell-Bai	1793	Bai (Dali)	369
326125	p'i zi 12	inexpensive		Dell-Bai	1793	Bai (Dali)	370
326126	-p'i 3/4			Dell-Bai	1793	Bai (Dali)	371
326127	p'i sia 5:8 6	suitcase		Dell-Bai	1793	Bai (Dali)	372
326128	p'ia 2	reach, to		Dell-Bai	1793	Bai (Dali)	373
326129	p'ioe 1	classifier (numeral) for wall, o 3 / 4		Dell-Bai	1793	Bai (Dali)	374
326130	p'iɔ 1	ticket		Dell-Bai	1793	Bai (Dali)	375
326131	p'iɔ 3/4	cloth		Dell-Bai	1793	Bai (Dali)	376
326132	p'ö 1	bump into, to		Dell-Bai	1793	Bai (Dali)	377
326133	p'ö 1	emerge, to; blow, to		Dell-Bai	1793	Bai (Dali)	378
326134	p'ö ngö 17	brag, to		Dell-Bai	1793	Bai (Dali)	379
326135	p'ö 4	hold in one's palms	v	Dell-Bai	1793	Bai (Dali)	380
326136	p'ö 4	cover, top	n	Dell-Bai	1793	Bai (Dali)	381
326137	p'oe zv 81	congee		Dell-Bai	1793	Bai (Dali)	382
326138	p'ɔ 2	cucumber		Dell-Bai	1793	Bai (Dali)	383
326139	p'ɔ 4	run, to		Dell-Bai	1793	Bai (Dali)	384
326140	p'u 1	lay flat, to		Dell-Bai	1793	Bai (Dali)	385
326141	p'u t'ɔ 11	grape		Dell-Bai	1793	Bai (Dali)	386
326142	p'u tsw 23	shop		Dell-Bai	1793	Bai (Dali)	387
326143	sa 1	three		Dell-Bai	1793	Bai (Dali)	388
326144	sa toe 12	fight, to		Dell-Bai	1793	Bai (Dali)	389
326145	sa w 12	argue, to		Dell-Bai	1793	Bai (Dali)	390
326146	sa 2	FINAL PARTICLE		Dell-Bai	1793	Bai (Dali)	391
326147	sa 3/4	umbrella		Dell-Bai	1793	Bai (Dali)	392
326148	sa pa 38	var. of 392; pa 8 is a numeral suffix		Dell-Bai	1793	Bai (Dali)	393
326149	sa 6	injur, to		Dell-Bai	1793	Bai (Dali)	394
326150	sa ta ??	prepare, to		Dell-Bai	1793	Bai (Dali)	395
326151	se 3/4	wash, to		Dell-Bai	1793	Bai (Dali)	396
326152	se tsw k'o 311	swim, to; wash onesself, to		Dell-Bai	1793	Bai (Dali)	397
326153	se 6	west		Dell-Bai	1793	Bai (Dali)	398
326154	sɛ t'ɛ 18	terrace where laundry is set to dry		Dell-Bai	1793	Bai (Dali)	399
326155	sɛ 2	fish gills		Dell-Bai	1793	Bai (Dali)	400
326156	sɛ tsɔ tsw 221	boy, little		Dell-Bai	1793	Bai (Dali)	401
326157	sɛ 3/4	little		Dell-Bai	1793	Bai (Dali)	402
326158	sɛ ku 36	sister-in-law (younger sister of husband)		Dell-Bai	1793	Bai (Dali)	403
326159	sɛ me 33	hulled millet		Dell-Bai	1793	Bai (Dali)	404
326160	sɛ si 36	beware, to		Dell-Bai	1793	Bai (Dali)	405
326161	sɛ su 36	brother-in-law (younger brother of husband)		Dell-Bai	1793	Bai (Dali)	406
326162	sɛ ts'i 32	stingy		Dell-Bai	1793	Bai (Dali)	407
326163	sɛ tsö 38	thief		Dell-Bai	1793	Bai (Dali)	408
326164	sɛ 5	egg		Dell-Bai	1793	Bai (Dali)	409
326165	si ngv zw 122	saliva		Dell-Bai	1793	Bai (Dali)	410
326166	si sioe 11	awake, to		Dell-Bai	1793	Bai (Dali)	411
326167	si 3/4	die, to		Dell-Bai	1793	Bai (Dali)	412
326168	si tso 32	location on the edge of Lake Er-Hai		Dell-Bai	1793	Bai (Dali)	413
326169	si xua 3:6 6	(1) to like, (2) happy		Dell-Bai	1793	Bai (Dali)	414
326170	si 6	thousand		Dell-Bai	1793	Bai (Dali)	415
326171	si 6	fire wood		Dell-Bai	1793	Bai (Dali)	416
326172	si 6	stuffing		Dell-Bai	1793	Bai (Dali)	417
326173	si 6	new		Dell-Bai	1793	Bai (Dali)	418
326174	sia p'iɛ 11	photography		Dell-Bai	1793	Bai (Dali)	419
326175	sia 2	kill, to		Dell-Bai	1793	Bai (Dali)	420
326176	sia 3/4	want to, to; plan to, to		Dell-Bai	1793	Bai (Dali)	421
326177	sia siw 31	trust, to		Dell-Bai	1793	Bai (Dali)	422
326178	sia 6	procrastinate, to; lazy; rest, to		Dell-Bai	1793	Bai (Dali)	423
326179	sia tsiɔ 66	banana		Dell-Bai	1793	Bai (Dali)	424
326180	sia tsw 63	trunk (suitcase)		Dell-Bai	1793	Bai (Dali)	425
326181	sia p'i tsiw ??2	elastic	n	Dell-Bai	1793	Bai (Dali)	426
326182	siɛ 1	district		Dell-Bai	1793	Bai (Dali)	427
326183	sio 1	embroider, to		Dell-Bai	1793	Bai (Dali)	428
326184	sio 3	little, a		Dell-Bai	1793	Bai (Dali)	429
326185	sio 3	debt		Dell-Bai	1793	Bai (Dali)	430
326186	sio 6	scented		Dell-Bai	1793	Bai (Dali)	431
326187	sioe 1	star		Dell-Bai	1793	Bai (Dali)	432
326188	sioe 2Ð	day		Dell-Bai	1793	Bai (Dali)	433
326189	sioe 6	odor (unpleasant, of fish that is not fresh)		Dell-Bai	1793	Bai (Dali)	434
326190	siɔ mɔ 22	hat		Dell-Bai	1793	Bai (Dali)	435
326191	siɔ t'a 21	school		Dell-Bai	1793	Bai (Dali)	436
326192	siw tsy 21	theater		Dell-Bai	1793	Bai (Dali)	437
326193	so 1	skinny		Dell-Bai	1793	Bai (Dali)	438
326194	so 1	put out to dry, to		Dell-Bai	1793	Bai (Dali)	439
326195	so 1	frost		Dell-Bai	1793	Bai (Dali)	440
326196	so 1	rancid		Dell-Bai	1793	Bai (Dali)	441
326197	so 3/4	offer as a gift, to		Dell-Bai	1793	Bai (Dali)	442
326198	sö 1	count, to		Dell-Bai	1793	Bai (Dali)	443
326199	sö 2	then		Dell-Bai	1793	Bai (Dali)	444
326200	sö tsö 26	var. of 444		Dell-Bai	1793	Bai (Dali)	445
326201	sö 2	hand		Dell-Bai	1793	Bai (Dali)	446
326202	sö tso tsw 221	elbow		Dell-Bai	1793	Bai (Dali)	447
326203	sö tsw tö 237	finger		Dell-Bai	1793	Bai (Dali)	448
326204	sö tsw tö tsia 2372	finger nail		Dell-Bai	1793	Bai (Dali)	449
326205	sö uɛ tsw 221	wrist		Dell-Bai	1793	Bai (Dali)	450
326206	sö 3/4	province		Dell-Bai	1793	Bai (Dali)	451
326207	sö t'ɔ 31	glove		Dell-Bai	1793	Bai (Dali)	452
326208	sö 6	rifle through, to		Dell-Bai	1793	Bai (Dali)	453
326209	sö 6	arrange, to; gather, to		Dell-Bai	1793	Bai (Dali)	454
326210	sö sw 62	pay attention to someone, to		Dell-Bai	1793	Bai (Dali)	455
326211	sö tsiw 66	handkerchief		Dell-Bai	1793	Bai (Dali)	456
326212	sö zi 62	commerce		Dell-Bai	1793	Bai (Dali)	457
326213	sö tö kw ??6	thimble		Dell-Bai	1793	Bai (Dali)	459
326214	soe 1	shoot, to		Dell-Bai	1793	Bai (Dali)	460
326215	soe 2	cut, to		Dell-Bai	1793	Bai (Dali)	461
326216	sɔ 1	scratch, to		Dell-Bai	1793	Bai (Dali)	462
326217	sɔ 2	rope		Dell-Bai	1793	Bai (Dali)	463
326218	sɔ 4	laugh, to		Dell-Bai	1793	Bai (Dali)	464
326219	sɔ k'u 6 3/4	tired		Dell-Bai	1793	Bai (Dali)	465
326220	sɔ tɔ 67	sugar		Dell-Bai	1793	Bai (Dali)	466
326221	su 1	burn, to		Dell-Bai	1793	Bai (Dali)	467
326222	su 1	dust		Dell-Bai	1793	Bai (Dali)	468
326223	su 2	sweep, to		Dell-Bai	1793	Bai (Dali)	469
326224	su fv 26	comfortable		Dell-Bai	1793	Bai (Dali)	470
326225	-su 6			Dell-Bai	1793	Bai (Dali)	471
326226	sua 2	year		Dell-Bai	1793	Bai (Dali)	472
326227	sua 2	talk, to		Dell-Bai	1793	Bai (Dali)	473
326228	sua to 27	talk, to		Dell-Bai	1793	Bai (Dali)	474
326229	sua 4	garlic		Dell-Bai	1793	Bai (Dali)	475
326230	sua 6	grandson		Dell-Bai	1793	Bai (Dali)	476
326231	sua nv 6 3/4	grand-daughter		Dell-Bai	1793	Bai (Dali)	477
326232	sua 6	brush, to		Dell-Bai	1793	Bai (Dali)	478
326233	sua 6	rinse, to		Dell-Bai	1793	Bai (Dali)	478
326234	sua pɔ 66	twins		Dell-Bai	1793	Bai (Dali)	479
326235	sua xw 6 3/4	coutyard		Dell-Bai	1793	Bai (Dali)	480
326236	suɛ 2	snow		Dell-Bai	1793	Bai (Dali)	481
326237	suɛ poe 27	couting tool		Dell-Bai	1793	Bai (Dali)	482
326238	suɛ p'ɔ 22	firecracker		Dell-Bai	1793	Bai (Dali)	483
326239	suo 4	lock	n	Dell-Bai	1793	Bai (Dali)	484
326240	suo fö 64	rice noodles		Dell-Bai	1793	Bai (Dali)	485
326241	suö 1	game piece with character (hu), used in a Bai game		Dell-Bai	1793	Bai (Dali)	486
326242	suoe suoe xw 112	sound of horse bells		Dell-Bai	1793	Bai (Dali)	487
326243	sv tsv nv 133	child		Dell-Bai	1793	Bai (Dali)	488
326244	sv lv 22	wood		Dell-Bai	1793	Bai (Dali)	489
326245	sv lv nge 227	wood-soled shoe		Dell-Bai	1793	Bai (Dali)	490
326246	sv 3/4	rat		Dell-Bai	1793	Bai (Dali)	491
326247	sw 1	deep		Dell-Bai	1793	Bai (Dali)	492
326248	sw 2	millet		Dell-Bai	1793	Bai (Dali)	493
326249	sw 2	four		Dell-Bai	1793	Bai (Dali)	494
326250	sw me 33	sticky rice		Dell-Bai	1793	Bai (Dali)	495
326251	sw v 3 3/4	business		Dell-Bai	1793	Bai (Dali)	496
326252	-sw 4			Dell-Bai	1793	Bai (Dali)	497
326253	sw 6	lion		Dell-Bai	1793	Bai (Dali)	498
326254	sw 6	book / letter		Dell-Bai	1793	Bai (Dali)	499
326255	sw fv pe 667	envelope		Dell-Bai	1793	Bai (Dali)	500
326256	sw ts'uoe 61	notebook		Dell-Bai	1793	Bai (Dali)	501
326257	sy li 11	pear		Dell-Bai	1793	Bai (Dali)	502
326258	sy Ð3/4	water		Dell-Bai	1793	Bai (Dali)	503
326259	sy kɔ 37	pond		Dell-Bai	1793	Bai (Dali)	504
326260	syɛ 6	equilibrium, in / on the verge of falling		Dell-Bai	1793	Bai (Dali)	505
326261	ta li 14̱	Dali (a village)		Dell-Bai	1793	Bai (Dali)	506
326262	ta fa 12	extravagant		Dell-Bai	1793	Bai (Dali)	507
326263	ta mɔ 13̱	aunt (father's older brother's wife)		Dell-Bai	1793	Bai (Dali)	508
326264	ta sö 1 3/4	aunt (father's younger brother's wife)		Dell-Bai	1793	Bai (Dali)	509
326265	ta ti 13̱	uncle (father's elder brother)		Dell-Bai	1793	Bai (Dali)	510
326266	ta su 13̱	brother-in-law (husband's elder brother)		Dell-Bai	1793	Bai (Dali)	511
326267	ta zi 12	overcoat		Dell-Bai	1793	Bai (Dali)	512
326268	ta ni tsw 272	oneself		Dell-Bai	1793	Bai (Dali)	513
326269	ta tsia ni tsw 2672	everyone		Dell-Bai	1793	Bai (Dali)	514
326270	ta xuo ni tsw 2372	everyone		Dell-Bai	1793	Bai (Dali)	515
326271	ta ts'oe 22	bicycle		Dell-Bai	1793	Bai (Dali)	516
326272	ta tsw 32	feather duster		Dell-Bai	1793	Bai (Dali)	517
326273	ta 4	block the passage (of), to		Dell-Bai	1793	Bai (Dali)	518
326274	ta 3/4	steal / hide, to		Dell-Bai	1793	Bai (Dali)	519
326275	ta 5	motion verb, with the sense of come / go, to		Dell-Bai	1793	Bai (Dali)	520
326276	ta 6	carry, to (two people)		Dell-Bai	1793	Bai (Dali)	521
326277	-ta 6			Dell-Bai	1793	Bai (Dali)	522
326278	ta kɔ 66	carved piece of wood used to carry two buckets on		Dell-Bai	1793	Bai (Dali)	523
326279	ta 7	flick, to		Dell-Bai	1793	Bai (Dali)	524
326280	ta 7	peach		Dell-Bai	1793	Bai (Dali)	525
326281	ta ua 78	peach pit		Dell-Bai	1793	Bai (Dali)	526
326282	ta tsɔ 78	if / in the case where		Dell-Bai	1793	Bai (Dali)	527
326283	ta 8	walk on, to		Dell-Bai	1793	Bai (Dali)	528
326284	tɛ 3-	prefix for ordinals		Dell-Bai	1793	Bai (Dali)	529
326285	tɛ 8	pork		Dell-Bai	1793	Bai (Dali)	530
326286	tɛ ka 86	liver (pork)		Dell-Bai	1793	Bai (Dali)	531
326287	tɛ koe 87	meat (pork)		Dell-Bai	1793	Bai (Dali)	532
326288	tɛ tsɛ 88	tongue (pork)		Dell-Bai	1793	Bai (Dali)	533
326289	tɛ tsw 86	lard		Dell-Bai	1793	Bai (Dali)	534
326290	tɛ ue 8 3/4	pigsty		Dell-Bai	1793	Bai (Dali)	535
326291	ti lu lu 122	eagle		Dell-Bai	1793	Bai (Dali)	536
326292	ti tsv 1 3/4	landowner		Dell-Bai	1793	Bai (Dali)	537
326293	ti 7	only		Dell-Bai	1793	Bai (Dali)	538
326294	ti ti 11	whistle		Dell-Bai	1793	Bai (Dali)	539
326295	ti ti tö 775	hat		Dell-Bai	1793	Bai (Dali)	540
326296	ti toe 71	it only remains to...		Dell-Bai	1793	Bai (Dali)	541
326297	tia 3-	one / some		Dell-Bai	1793	Bai (Dali)	542
326298	-tiɛ 1			Dell-Bai	1793	Bai (Dali)	543
326299	tiɛ ta 12	sheet (bed)		Dell-Bai	1793	Bai (Dali)	544
326300	tiɛ iw 14	movie		Dell-Bai	1793	Bai (Dali)	545
326301	tiɛ 2	father		Dell-Bai	1793	Bai (Dali)	546
326302	-tiɛ 2			Dell-Bai	1793	Bai (Dali)	547
326303	tiɛ t'u 18	pocketlight		Dell-Bai	1793	Bai (Dali)	548
326304	tiɛ 4	light, to		Dell-Bai	1793	Bai (Dali)	549
326305	tiw ts'ue 31	hammer		Dell-Bai	1793	Bai (Dali)	550
326306	to pɔ 27	upper side		Dell-Bai	1793	Bai (Dali)	551
326307	to 3/4	shake, to		Dell-Bai	1793	Bai (Dali)	552
326308	-to 6			Dell-Bai	1793	Bai (Dali)	553
326309	toe 2	hit, to		Dell-Bai	1793	Bai (Dali)	554
326310	toe tsia 22	fight, to		Dell-Bai	1793	Bai (Dali)	555
326311	tö 2	bring into the world, to		Dell-Bai	1793	Bai (Dali)	556
326312	tö 2	wear, to (a hat)		Dell-Bai	1793	Bai (Dali)	557
326313	-tö 2:3			Dell-Bai	1793	Bai (Dali)	558
326314	tö fv 31	paté (of fermented soybeans)		Dell-Bai	1793	Bai (Dali)	559
326315	tö sia 32	these		Dell-Bai	1793	Bai (Dali)	560
326316	tö tö 37	this		Dell-Bai	1793	Bai (Dali)	561
326317	tö ue 33̱	here		Dell-Bai	1793	Bai (Dali)	562
326318	tö 7	classifier (numeral) for animals and certain objec		Dell-Bai	1793	Bai (Dali)	563
326319	-tö 7			Dell-Bai	1793	Bai (Dali)	564
326320	tö ma 76	hair		Dell-Bai	1793	Bai (Dali)	565
326321	tÐö pɔ 77	head		Dell-Bai	1793	Bai (Dali)	566
326322	tö pɔ tsua 775	vertigo		Dell-Bai	1793	Bai (Dali)	567
326323	tɔ 1	holster		Dell-Bai	1793	Bai (Dali)	568
326324	tɔ 2	fall, to		Dell-Bai	1793	Bai (Dali)	569
326325	tɔ pɔ tö 227	shoulder		Dell-Bai	1793	Bai (Dali)	570
326326	tɔ kɔ si 336	back		Dell-Bai	1793	Bai (Dali)	571
326327	tɔ ku 36	sister-in-law (husband's elder sister)		Dell-Bai	1793	Bai (Dali)	572
326328	tɔ tsö 38	brigand		Dell-Bai	1793	Bai (Dali)	573
326329	tɔ sɛ tsɔ tsɔ (???)	adolescent		Dell-Bai	1793	Bai (Dali)	574
326330	tɔ xɔ 34	room (main)		Dell-Bai	1793	Bai (Dali)	575
326331	tɔ 4	big		Dell-Bai	1793	Bai (Dali)	576
326332	tu kuoe 11	member of the cucurbitaceae family (melons, cucumb		Dell-Bai	1793	Bai (Dali)	577
326333	tu pö 12	rooster		Dell-Bai	1793	Bai (Dali)	578
326334	tuo 3-	addition, in		Dell-Bai	1793	Bai (Dali)	579
326335	tuo 3/4	classifier used with flowers		Dell-Bai	1793	Bai (Dali)	580
326336	tuo 5	chop, to		Dell-Bai	1793	Bai (Dali)	581
326337	tuö:tuoe 8	wet		Dell-Bai	1793	Bai (Dali)	582
326338	-tv 6			Dell-Bai	1793	Bai (Dali)	583
326339	tv 6	east		Dell-Bai	1793	Bai (Dali)	584
326340	tv 7	copper		Dell-Bai	1793	Bai (Dali)	585
326341	t'a 1	iron, to		Dell-Bai	1793	Bai (Dali)	586
326342	t'a tsw 32	rug		Dell-Bai	1793	Bai (Dali)	587
326343	t'a 4	coal (wood)		Dell-Bai	1793	Bai (Dali)	588
326344	t'a y 88	spittoon		Dell-Bai	1793	Bai (Dali)	589
326345	t'ɛ 2	iron		Dell-Bai	1793	Bai (Dali)	590
326346	-t'ɛ 2			Dell-Bai	1793	Bai (Dali)	591
326347	t'i 1	hold, to		Dell-Bai	1793	Bai (Dali)	592
326348	t'i zu 36	gymnastics		Dell-Bai	1793	Bai (Dali)	593
326349	t'iɛ 8	fill in, to		Dell-Bai	1793	Bai (Dali)	594
326350	t'iɔ 1	jump, to		Dell-Bai	1793	Bai (Dali)	595
326351	t'iɔ suo 2 3/4	stinkbug		Dell-Bai	1793	Bai (Dali)	596
326352	t'iɔ 4	choose, to		Dell-Bai	1793	Bai (Dali)	597
326353	t'ɔ lɔ mioe 114	ass (animal)		Dell-Bai	1793	Bai (Dali)	598
326354	t'ɔ 2	hold, to		Dell-Bai	1793	Bai (Dali)	599
326355	t'u 1	want, to		Dell-Bai	1793	Bai (Dali)	600
326356	t'u 3	road / street		Dell-Bai	1793	Bai (Dali)	601
326357	t'u 3/4	move, to		Dell-Bai	1793	Bai (Dali)	602
326358	t'u uɛ ts'io 124	joke, to		Dell-Bai	1793	Bai (Dali)	603
326359	t'u tsa 82	seal	n	Dell-Bai	1793	Bai (Dali)	604
326360	t'ue 1	push, to		Dell-Bai	1793	Bai (Dali)	605
326361	t'uo:t'o 2	drag, to		Dell-Bai	1793	Bai (Dali)	606
326362	t'v 3/4	pierce / go through, to		Dell-Bai	1793	Bai (Dali)	607
326363	tsa sw 66	extremely		Dell-Bai	1793	Bai (Dali)	608
326364	tsɛ 1	how?		Dell-Bai	1793	Bai (Dali)	609
326365	tsɛ xa 18	experienced (in)		Dell-Bai	1793	Bai (Dali)	610
326366	tsɛ zw 62	table		Dell-Bai	1793	Bai (Dali)	611
326367	tsɛ 8	cut (with scissors), to		Dell-Bai	1793	Bai (Dali)	612
326368	tsɛ kɔ 82	lame		Dell-Bai	1793	Bai (Dali)	613
326369	tsɛ p'i 83	tongue		Dell-Bai	1793	Bai (Dali)	614
326370	tsi k'a 12	hunger		Dell-Bai	1793	Bai (Dali)	615
326371	tsi sio 1 3/4	how many		Dell-Bai	1793	Bai (Dali)	616
326372	tsi 2	leech		Dell-Bai	1793	Bai (Dali)	617
326373	tsi 2	store, to		Dell-Bai	1793	Bai (Dali)	618
326374	tsi 2	push each other, to		Dell-Bai	1793	Bai (Dali)	619
326375	tsi tö 22	remember, to		Dell-Bai	1793	Bai (Dali)	620
326376	tsi 3	field		Dell-Bai	1793	Bai (Dali)	621
326377	tsi 3	pull, to		Dell-Bai	1793	Bai (Dali)	622
326378	tsi uoe ts'i 361	garbage		Dell-Bai	1793	Bai (Dali)	623
326379	tsi 6	close / cover, to		Dell-Bai	1793	Bai (Dali)	624
326380	tsi 6	numerous		Dell-Bai	1793	Bai (Dali)	625
326381	tsi mi si 7 3:7 6	front of, in		Dell-Bai	1793	Bai (Dali)	626
326382	tsi 8	nephew (son of brother or sister)		Dell-Bai	1793	Bai (Dali)	627
326383	tsi sɛ ni ??2	yesterday		Dell-Bai	1793	Bai (Dali)	628
326384	tsia io 18	soy sauce		Dell-Bai	1793	Bai (Dali)	629
326385	tsia 6	pinch, to		Dell-Bai	1793	Bai (Dali)	630
326386	tsia ʔ	receive, to		Dell-Bai	1793	Bai (Dali)	631
326387	tsiɛ soe 16	build, to		Dell-Bai	1793	Bai (Dali)	632
326388	tsiɛ 2	thousand		Dell-Bai	1793	Bai (Dali)	633
326389	-tsiɛ 3/4			Dell-Bai	1793	Bai (Dali)	634
326390	tsiɛ fv 32	brother-in-law (elder sister's husband)		Dell-Bai	1793	Bai (Dali)	635
326391	tsiɛ 4	plum		Dell-Bai	1793	Bai (Dali)	636
326392	tsiɛ xue 62	marry, to		Dell-Bai	1793	Bai (Dali)	637
326393	tsiɛ 6	gold		Dell-Bai	1793	Bai (Dali)	638
326394	tsiɛ 8	chase, to (someone)		Dell-Bai	1793	Bai (Dali)	639
326395	tsio mu 1 3/4	aunt (mother's brother's wife)		Dell-Bai	1793	Bai (Dali)	640
326396	tsioe 2	borrow, to		Dell-Bai	1793	Bai (Dali)	641
326397	tsioe 2	pick, to		Dell-Bai	1793	Bai (Dali)	642
326398	tsioe 3/4	well	n	Dell-Bai	1793	Bai (Dali)	643
326399	tsioe 6	nail (metal)		Dell-Bai	1793	Bai (Dali)	644
326400	tsioe 6	capital		Dell-Bai	1793	Bai (Dali)	645
326401	tsioe si 76	courtyard (interior)		Dell-Bai	1793	Bai (Dali)	646
326402	tsiɔ ɔ 21	presumptuous		Dell-Bai	1793	Bai (Dali)	647
326403	tsiɔ tsw 32	ravioli		Dell-Bai	1793	Bai (Dali)	648
326404	tsiɔ xua 36	cunning		Dell-Bai	1793	Bai (Dali)	649
326405	tsiɔ 4	stir, to		Dell-Bai	1793	Bai (Dali)	650
326406	tsiɔ 6	water, to		Dell-Bai	1793	Bai (Dali)	651
326407	tsiɔ xw 61	similar		Dell-Bai	1793	Bai (Dali)	652
326408	tsiɔ tsw ?2	glue		Dell-Bai	1793	Bai (Dali)	653
326409	-tsiw 2:6			Dell-Bai	1793	Bai (Dali)	654
326410	tsiw 3	nine		Dell-Bai	1793	Bai (Dali)	655
326411	tsiw 3/4	tight		Dell-Bai	1793	Bai (Dali)	656
326412	tsiw pɔ 32	Jingpho		Dell-Bai	1793	Bai (Dali)	657
326413	tsiw ts'a 36	police		Dell-Bai	1793	Bai (Dali)	658
326414	tso 7	long		Dell-Bai	1793	Bai (Dali)	659
326415	tso 7	hide, to		Dell-Bai	1793	Bai (Dali)	660
326416	tso 6	disguise to (oneself)		Dell-Bai	1793	Bai (Dali)	661
326417	tso 7	taste, to		Dell-Bai	1793	Bai (Dali)	662
326418	tso 7	bed		Dell-Bai	1793	Bai (Dali)	663
326419	tsö 3	verb often translated with to have / be. Both uses		Dell-Bai	1793	Bai (Dali)	664
326420	tsö 3	classifier (numeral) used with trees		Dell-Bai	1793	Bai (Dali)	665
326421	tsö 3/4	tree		Dell-Bai	1793	Bai (Dali)	666
326422	tsö kua 32	pillar		Dell-Bai	1793	Bai (Dali)	667
326423	tsö sia 32	forest		Dell-Bai	1793	Bai (Dali)	668
326424	tsö ts'i 32	strong		Dell-Bai	1793	Bai (Dali)	669
326425	tsö 4	standing, be, to		Dell-Bai	1793	Bai (Dali)	670
326426	tsö 4	push with a pole, to		Dell-Bai	1793	Bai (Dali)	671
326427	tsö 6	be / come, to (depending on the situation)		Dell-Bai	1793	Bai (Dali)	672
326428	-tsö 8			Dell-Bai	1793	Bai (Dali)	673
326429	tsö ia 83	thief		Dell-Bai	1793	Bai (Dali)	674
326430	tsoe 2	narrow		Dell-Bai	1793	Bai (Dali)	675
326431	tsoe 2:6	fold, to		Dell-Bai	1793	Bai (Dali)	676
326432	tsoe 7	city		Dell-Bai	1793	Bai (Dali)	677
326433	tsɔ sia 11	photograph, to		Dell-Bai	1793	Bai (Dali)	678
326434	tsɔ2	sparrow		Dell-Bai	1793	Bai (Dali)	679
326435	tsɔ 2	cover up, to		Dell-Bai	1793	Bai (Dali)	680
326436	tsɔ fa 36	kitchen / cooking		Dell-Bai	1793	Bai (Dali)	681
326437	tsɔ tsw 32	jojoba		Dell-Bai	1793	Bai (Dali)	682
326438	tsɔ 5	oven		Dell-Bai	1793	Bai (Dali)	683
326439	tsɔ lia 68	cold, catch, to		Dell-Bai	1793	Bai (Dali)	684
326440	tsɔ liɔ 62	dressing / seasoning		Dell-Bai	1793	Bai (Dali)	685
326441	tsɔ 7	tea		Dell-Bai	1793	Bai (Dali)	686
326442	tsɔ 7	silkworm		Dell-Bai	1793	Bai (Dali)	687
326443	tsɔ 7	particle, final		Dell-Bai	1793	Bai (Dali)	688
326444	tsɔ 8	chew, to		Dell-Bai	1793	Bai (Dali)	689
326445	tsɔ 8	say, to		Dell-Bai	1793	Bai (Dali)	690
326446	tsɔ tsö 83	say, to		Dell-Bai	1793	Bai (Dali)	691
326447	tsɔ kw 5:8 6	key		Dell-Bai	1793	Bai (Dali)	692
326448	tsɔ k'ue 81	stone		Dell-Bai	1793	Bai (Dali)	693
326449	tsɔ iɔ xua 886	sunflower		Dell-Bai	1793	Bai (Dali)	694
326450	tsu tsw 64	orange		Dell-Bai	1793	Bai (Dali)	695
326451	tsua 2	load, to		Dell-Bai	1793	Bai (Dali)	696
326452	tsua 3	squat, to		Dell-Bai	1793	Bai (Dali)	697
326453	tsue 4	roll up, to		Dell-Bai	1793	Bai (Dali)	698
326454	tsuɛ kv 23	broom		Dell-Bai	1793	Bai (Dali)	699
326455	tsuo tsw 62	scissors		Dell-Bai	1793	Bai (Dali)	700
326456	tsuoe 6	indocile		Dell-Bai	1793	Bai (Dali)	701
326457	tsv 2	bamboo		Dell-Bai	1793	Bai (Dali)	702
326458	tsv 2	carve / cut out, to		Dell-Bai	1793	Bai (Dali)	703
326459	tsv 3	heavy		Dell-Bai	1793	Bai (Dali)	704
326460	tsv 3/4	boil, to		Dell-Bai	1793	Bai (Dali)	705
326461	tsv 4	chopsticks		Dell-Bai	1793	Bai (Dali)	706
326462	tsv 5	plant, to		Dell-Bai	1793	Bai (Dali)	707
326463	tsv tsw 62	awl		Dell-Bai	1793	Bai (Dali)	708
326464	tsv 7	tool used for weeding		Dell-Bai	1793	Bai (Dali)	709
326465	tsv kua ? 1:2	cane		Dell-Bai	1793	Bai (Dali)	710
326466	tsw 1	onion		Dell-Bai	1793	Bai (Dali)	711
326467	tsw 1	necessity		Dell-Bai	1793	Bai (Dali)	712
326468	-tsw 1		n	Dell-Bai	1793	Bai (Dali)	713
326469	tsw 1	do / make, to		Dell-Bai	1793	Bai (Dali)	714
326470	tsw k'o 11	body		Dell-Bai	1793	Bai (Dali)	715
326471	tsw si sw 1 5:8 2	marry, to		Dell-Bai	1793	Bai (Dali)	716
326472	tsw sw v 133	business, be in, to		Dell-Bai	1793	Bai (Dali)	717
326473	tsw 2	man / son (versus woman)		Dell-Bai	1793	Bai (Dali)	718
326474	-tsw 2			Dell-Bai	1793	Bai (Dali)	719
326475	tsw 2			Dell-Bai	1793	Bai (Dali)	720
326476	tsw 2	functional morpheme indicating an adverbial determinant		Dell-Bai	1793	Bai (Dali)	721
326477	tsw mö 21	variant of tsw 2 (functional morpheme indicating an adverbial determinant)		Dell-Bai	1793	Bai (Dali)	722
326478	tsw pa 22	tooth		Dell-Bai	1793	Bai (Dali)	723
326479	tsw 3	lick, to		Dell-Bai	1793	Bai (Dali)	724
326480	tsw 3̱	alcohol		Dell-Bai	1793	Bai (Dali)	725
326481	tsw 3/4	street		Dell-Bai	1793	Bai (Dali)	726
326482	tsw 3/4	paper		Dell-Bai	1793	Bai (Dali)	727
326483	tsw ka 36	meter (measuring tool)		Dell-Bai	1793	Bai (Dali)	728
326484	tsw tö 37	pillow		Dell-Bai	1793	Bai (Dali)	729
326485	tsw t'ɛ 32	siblings		Dell-Bai	1793	Bai (Dali)	730
326486	tsw iɛ 32	cigarette		Dell-Bai	1793	Bai (Dali)	731
326487	tsw sua 3:6 3/4	frank (adj.)	adj	Dell-Bai	1793	Bai (Dali)	732
326488	tsw 4̱	show, to		Dell-Bai	1793	Bai (Dali)	733
326489	tsw 6	needle		Dell-Bai	1793	Bai (Dali)	734
326490	tsw 7	go, to		Dell-Bai	1793	Bai (Dali)	735
326491	tsw t'ɛ 71	stair		Dell-Bai	1793	Bai (Dali)	736
326492	tsw tsia 72	moment		Dell-Bai	1793	Bai (Dali)	737
326493	tsw 8	ten		Dell-Bai	1793	Bai (Dali)	738
326494	tsy ts'iɔ 12	cricket		Dell-Bai	1793	Bai (Dali)	739
326495	tsy 3/4	lift, to (hand, glass, etc.)		Dell-Bai	1793	Bai (Dali)	740
326496	tsy kuoe 36	mouth		Dell-Bai	1793	Bai (Dali)	741
326497	tsy pa tsw 3 5:8 2	cheek		Dell-Bai	1793	Bai (Dali)	742
326498	tsy 7	well-behaved (child)		Dell-Bai	1793	Bai (Dali)	743
326499	tsyɛ 6	frank (adj.)		Dell-Bai	1793	Bai (Dali)	744
326500	ts'a 1	sing, to		Dell-Bai	1793	Bai (Dali)	746
326501	ts'a:tsa 1	breakfast		Dell-Bai	1793	Bai (Dali)	747
326502	ts'e 1	money		Dell-Bai	1793	Bai (Dali)	748
326503	ts'ɛ ko 84	wolf		Dell-Bai	1793	Bai (Dali)	749
326504	ts'i 1	sour		Dell-Bai	1793	Bai (Dali)	750
326505	ts'i 1	wet / moist / spray, to / splash, to		Dell-Bai	1793	Bai (Dali)	751
326506	ts'i 1	overturn, to		Dell-Bai	1793	Bai (Dali)	752
326507	ts'i tsw 12	eggplant		Dell-Bai	1793	Bai (Dali)	753
326508	ts'i ts'oe 12	car		Dell-Bai	1793	Bai (Dali)	754
326509	ts'i ts'ua 1 2:8	boat (steam)		Dell-Bai	1793	Bai (Dali)	755
326510	ts'i iw 17	chestnut		Dell-Bai	1793	Bai (Dali)	756
326511	ts'i 2	seven		Dell-Bai	1793	Bai (Dali)	757
326512	ts'i 2	eradicate, to		Dell-Bai	1793	Bai (Dali)	758
326513	ts'i 2	岀去, forms without a doubt a sole unity with the preceding		Dell-Bai	1793	Bai (Dali)	759
326514	ts'i 2	angry, get, to		Dell-Bai	1793	Bai (Dali)	760
326515	ts'i tsa 22	worried / concerned		Dell-Bai	1793	Bai (Dali)	761
326516	ts'i 3	pull, to		Dell-Bai	1793	Bai (Dali)	762
326517	ts'i 3/4	shallow		Dell-Bai	1793	Bai (Dali)	763
326518	ts'i koe 32	scale (fish, reptile, etc.)		Dell-Bai	1793	Bai (Dali)	764
326519	ts'i ta 36	scissors		Dell-Bai	1793	Bai (Dali)	765
326520	ts'iɛ 1	lead	n	Dell-Bai	1793	Bai (Dali)	766
326521	ts'iɛ sy 22	modest		Dell-Bai	1793	Bai (Dali)	767
326522	ts'iɛ tsw 5:8 5:4	pliers		Dell-Bai	1793	Bai (Dali)	768
326523	ts'io 1	good		Dell-Bai	1793	Bai (Dali)	769
326524	ts'ioe 1	liquid		Dell-Bai	1793	Bai (Dali)	770
326525	ts'ioe 1	listen, to		Dell-Bai	1793	Bai (Dali)	771
326526	ts'ioe tö 13	hear, to		Dell-Bai	1793	Bai (Dali)	772
326527	ts'iɔ 8	ball		Dell-Bai	1793	Bai (Dali)	773
326528	ts'iw k'uɛ 81	laborious		Dell-Bai	1793	Bai (Dali)	774
326529	ts'o ku 1 5:4	flatter in a lowly way, to		Dell-Bai	1793	Bai (Dali)	775
326530	ts'o t'i 11	drawer		Dell-Bai	1793	Bai (Dali)	776
326531	ts'o 3/4	sing, to		Dell-Bai	1793	Bai (Dali)	777
326532	ts'o 3/4	salty		Dell-Bai	1793	Bai (Dali)	778
326533	ts'ö 1	short		Dell-Bai	1793	Bai (Dali)	779
326534	ts'ö 1	block / obstruct, to		Dell-Bai	1793	Bai (Dali)	780
326535	ts'ö 2	tie / knot, to		Dell-Bai	1793	Bai (Dali)	781
326536	ts'ö 3/4	vegetables		Dell-Bai	1793	Bai (Dali)	782
326537	ts'ö 3/4	cf. ts'ö 3/4, kw ts'ö 34, poe sɛ ts'ö 824, ts'ö kua 36		Dell-Bai	1793	Bai (Dali)	783
326538	ts'ö kua 36	rape	n	Dell-Bai	1793	Bai (Dali)	784
326539	ts'oe 1	light (adj)	adj	Dell-Bai	1793	Bai (Dali)	785
326540	ts'oe 1	word / phrase		Dell-Bai	1793	Bai (Dali)	786
326541	ts'oe 2	red		Dell-Bai	1793	Bai (Dali)	787
326542	ts'oe 2	car		Dell-Bai	1793	Bai (Dali)	788
326543	ts'oe tsa 21	bus station		Dell-Bai	1793	Bai (Dali)	789
326544	ts'oe 3/4	sleep / lie down, to		Dell-Bai	1793	Bai (Dali)	790
326545	ts'oe xw 32	morning		Dell-Bai	1793	Bai (Dali)	791
326546	ts'ɔ piɔ ?2	soap		Dell-Bai	1793	Bai (Dali)	792
326547	ts'ɔ tuɛ 81	silken cloths		Dell-Bai	1793	Bai (Dali)	793
326548	ts'u 1	large / coarse		Dell-Bai	1793	Bai (Dali)	794
326549	ts'u 1	vinegar		Dell-Bai	1793	Bai (Dali)	795
326550	ts'u 3-	grass		Dell-Bai	1793	Bai (Dali)	796
326551	ts'u 3/4	stinking		Dell-Bai	1793	Bai (Dali)	797
326552	ts'u 3/4	sauté, to (culinary term)		Dell-Bai	1793	Bai (Dali)	798
326553	ts'ua xu 16	window		Dell-Bai	1793	Bai (Dali)	799
326554	ts'ua 3	cut, to		Dell-Bai	1793	Bai (Dali)	800
326555	ts'uö 8	deposit, to(money)		Dell-Bai	1793	Bai (Dali)	801
326556	ts'uÐo tsu 82	masses		Dell-Bai	1793	Bai (Dali)	802
326557	ts'uÐö tsw 84	skirt		Dell-Bai	1793	Bai (Dali)	803
326558	ts'v 1	lane		Dell-Bai	1793	Bai (Dali)	804
326559	ts'w 2	noise (made by scissors)		Dell-Bai	1793	Bai (Dali)	805
326560	ts'w 3/4	disagreeable		Dell-Bai	1793	Bai (Dali)	806
326561	ts'y 1	weigh, to		Dell-Bai	1793	Bai (Dali)	807
326562	ts'y kv 17	scale	n	Dell-Bai	1793	Bai (Dali)	808
326563	ts'yɛ tiɛ 64	flaw		Dell-Bai	1793	Bai (Dali)	809
326564	ts'yɛ toe 66	evil / harmful		Dell-Bai	1793	Bai (Dali)	810
326565	va 1	ten thousand		Dell-Bai	1793	Bai (Dali)	811
326566	ze 3	dye, to		Dell-Bai	1793	Bai (Dali)	812
326567	zi su 16	arts, fine		Dell-Bai	1793	Bai (Dali)	813
326568	-zi 2			Dell-Bai	1793	Bai (Dali)	814
326569	-zi 2			Dell-Bai	1793	Bai (Dali)	815
326570	zi 2	comp. zi 6		Dell-Bai	1793	Bai (Dali)	816
326571	zi 6	cf. zi k'o 61, zi sö tö 634		Dell-Bai	1793	Bai (Dali)	817
326572	zi ta 2:6 6	knife		Dell-Bai	1793	Bai (Dali)	818
326573	zi k'o 61	clothes		Dell-Bai	1793	Bai (Dali)	819
326574	zi kua tsv 622	kidney		Dell-Bai	1793	Bai (Dali)	820
326575	zi sö tö 634	sleeve (of clothing)		Dell-Bai	1793	Bai (Dali)	821
326576	zi sw 34	defecate, to		Dell-Bai	1793	Bai (Dali)	822
326577	zi tiw 61	certainly		Dell-Bai	1793	Bai (Dali)	823
326578	zi tsu 66	Yi (people)		Dell-Bai	1793	Bai (Dali)	824
326579	zi 7	search / look for, to		Dell-Bai	1793	Bai (Dali)	825
326580	zi tiɛ 82	uncle (husband of mother's sister)		Dell-Bai	1793	Bai (Dali)	826
326581	zö 2	give, to		Dell-Bai	1793	Bai (Dali)	827
326582	zö 2			Dell-Bai	1793	Bai (Dali)	828
326583	zö tö 22	know, to		Dell-Bai	1793	Bai (Dali)	829
326584	zö 3-	marry, to		Dell-Bai	1793	Bai (Dali)	830
326585	-zö 6			Dell-Bai	1793	Bai (Dali)	831
326586	zö 7	fly	n	Dell-Bai	1793	Bai (Dali)	832
326587	zu tsw 6 3/4	sock	n	Dell-Bai	1793	Bai (Dali)	833
326588	zuö tu 11	movement		Dell-Bai	1793	Bai (Dali)	834
326589	zuö na 88	Yunnan province		Dell-Bai	1793	Bai (Dali)	835
326590	zv 3/4	use / utilize		Dell-Bai	1793	Bai (Dali)	836
326591	zv ts'v 33	usefulness / utility		Dell-Bai	1793	Bai (Dali)	837
326592	zv tsw 64	mattress		Dell-Bai	1793	Bai (Dali)	838
326593	zw 3-	does not appear in the corpus when preceded by the prefix tɛ 3-		Dell-Bai	1793	Bai (Dali)	839
326594	zw 3/4	temple		Dell-Bai	1793	Bai (Dali)	840
326595	zw t'o 31	water (in which rice was boiled)		Dell-Bai	1793	Bai (Dali)	841
326596	xa 1	look / observe, to		Dell-Bai	1793	Bai (Dali)	842
326597	xa pö sw 136	timid / shy		Dell-Bai	1793	Bai (Dali)	843
326598	xa tö 1 2:3	see, to		Dell-Bai	1793	Bai (Dali)	844
326599	xa ts'io 11	handsome / beautiful		Dell-Bai	1793	Bai (Dali)	845
326600	xa zi 12	shirt		Dell-Bai	1793	Bai (Dali)	846
326601	xa le 37	what / which		Dell-Bai	1793	Bai (Dali)	847
326602	xa ni 37	which		Dell-Bai	1793	Bai (Dali)	848
326603	xa 5	Han ethnic group		Dell-Bai	1793	Bai (Dali)	849
326604	xa tsw 52	Han (person)		Dell-Bai	1793	Bai (Dali)	850
326605	xa 6	idiot		Dell-Bai	1793	Bai (Dali)	851
326606	xe ts'ö 12	weather		Dell-Bai	1793	Bai (Dali)	852
326607	xo 2	wait, to		Dell-Bai	1793	Bai (Dali)	853
326608	xo tsw 63	box	n	Dell-Bai	1793	Bai (Dali)	854
326609	xoe 1	live, to		Dell-Bai	1793	Bai (Dali)	855
326610	xoe 1	soup		Dell-Bai	1793	Bai (Dali)	856
326611	-xoe 1			Dell-Bai	1793	Bai (Dali)	857
326612	xoe p'a 12	dish		Dell-Bai	1793	Bai (Dali)	858
326613	xoe zw 14	rice (cooked)		Dell-Bai	1793	Bai (Dali)	859
326614	xɔ 1	particle (final)		Dell-Bai	1793	Bai (Dali)	860
326615	xɔ 3/4	house / room		Dell-Bai	1793	Bai (Dali)	861
326616	xɔ 4	expose to sun, to		Dell-Bai	1793	Bai (Dali)	862
326617	xɔ mi 67	cotton		Dell-Bai	1793	Bai (Dali)	863
326618	xɔ zi 62	please, to		Dell-Bai	1793	Bai (Dali)	864
326619	xu 3/4	good		Dell-Bai	1793	Bai (Dali)	865
326620	xua sy 23	water (boiled)		Dell-Bai	1793	Bai (Dali)	866
326621	xua pɔ ts'oe 822	rickshaw		Dell-Bai	1793	Bai (Dali)	867
326622	xua 6	return / give back, to		Dell-Bai	1793	Bai (Dali)	868
326623	xue tsa 22	badge / insignia		Dell-Bai	1793	Bai (Dali)	869
326624	xue 6	plaster	n	Dell-Bai	1793	Bai (Dali)	870
326625	xue tɔ 62	spit, to		Dell-Bai	1793	Bai (Dali)	871
326626	xuo ngv 23	thing		Dell-Bai	1793	Bai (Dali)	872
326627	xuo 6	flower	n	Dell-Bai	1793	Bai (Dali)	873
326628	xw 1	suffix (aspectual, suffixed to verb phrases)		Dell-Bai	1793	Bai (Dali)	874
326629	xw na 11	afterwards		Dell-Bai	1793	Bai (Dali)	875
326630	xw 2	black		Dell-Bai	1793	Bai (Dali)	876
326631	xw 2	repent / regret, to		Dell-Bai	1793	Bai (Dali)	877
326632	xw 2			Dell-Bai	1793	Bai (Dali)	878
326633	-xw 3/4			Dell-Bai	1793	Bai (Dali)	879
326634	a mi 11	cat		Dell-Bai	1793	Bai (Dali)	880
326635	a na ni 127	who?		Dell-Bai	1793	Bai (Dali)	881
326636	a na ue 123	where?		Dell-Bai	1793	Bai (Dali)	882
326637	a ta 1 2	on this side		Dell-Bai	1793	Bai (Dali)	883
326638	a 2	duck	n	Dell-Bai	1793	Bai (Dali)	885
326639	a 3-	one		Dell-Bai	1793	Bai (Dali)	886
326640	a kɔ 32	brother (elder)		Dell-Bai	1793	Bai (Dali)	887
326641	a ma 32	mother / mother-in-law		Dell-Bai	1793	Bai (Dali)	888
326642	a nɛ 32	grandmother (maternal)		Dell-Bai	1793	Bai (Dali)	889
326643	a su 36	uncle (father's younger brother)		Dell-Bai	1793	Bai (Dali)	890
326644	a tiɛ 32	father / father-in-law		Dell-Bai	1793	Bai (Dali)	891
326645	a t'ɛ 32	brother (younger)		Dell-Bai	1793	Bai (Dali)	892
326646	a tsi 33̱	sister (elder)		Dell-Bai	1793	Bai (Dali)	893
326647	a tsiɛ 3 3/4	sister (elder)		Dell-Bai	1793	Bai (Dali)	894
326648	a tsio 31	uncle (mother's brother)		Dell-Bai	1793	Bai (Dali)	895
326649	a zi 36	aunt (mother's sister)		Dell-Bai	1793	Bai (Dali)	896
326650	a iɛ 38	grandfather (maternal)		Dell-Bai	1793	Bai (Dali)	897
326651	a sw 64	urinate, to		Dell-Bai	1793	Bai (Dali)	898
326652	a 8	box	n	Dell-Bai	1793	Bai (Dali)	899
326653	a koe 86	box	n	Dell-Bai	1793	Bai (Dali)	900
326654	a sia tsw 322			Dell-Bai	1793	Bai (Dali)	901
326655	a tsw ni ??2	day after tomorrow		Dell-Bai	1793	Bai (Dali)	902
326656	a tsw sua ??2	year after next		Dell-Bai	1793	Bai (Dali)	903
326657	a ua ni ??2	day after day after tomorrow		Dell-Bai	1793	Bai (Dali)	904
326658	ɛ 2	love, to		Dell-Bai	1793	Bai (Dali)	905
326659	ɛ 8	swallow, to		Dell-Bai	1793	Bai (Dali)	906
326660	i 2	one		Dell-Bai	1793	Bai (Dali)	907
326661	i zw ?2	chair	n	Dell-Bai	1793	Bai (Dali)	908
326662	ia pa 32	mute		Dell-Bai	1793	Bai (Dali)	909
326663	ia 2	push on / press against, to		Dell-Bai	1793	Bai (Dali)	910
326664	ia p'oe 66	oppression		Dell-Bai	1793	Bai (Dali)	911
326665	ia sua 66	toothbrush		Dell-Bai	1793	Bai (Dali)	912
326666	ia 7	pursue / rush forward, to		Dell-Bai	1793	Bai (Dali)	913
326667	ia 7	grasp / grab hold of, to		Dell-Bai	1793	Bai (Dali)	914
326668	ia la tsw 864	tomato		Dell-Bai	1793	Bai (Dali)	915
326669	ia xuo 84	matches		Dell-Bai	1793	Bai (Dali)	916
326670	ia y 81	potato		Dell-Bai	1793	Bai (Dali)	917
326671	iɛ 1	swallow	n	Dell-Bai	1793	Bai (Dali)	918
326672	iɛ 2	tobacco		Dell-Bai	1793	Bai (Dali)	919
326673	iɛ 2	strong (of coffee and tea)		Dell-Bai	1793	Bai (Dali)	920
326674	iɛ xuo 24	fireworks		Dell-Bai	1793	Bai (Dali)	921
326675	iɛ 7	boat		Dell-Bai	1793	Bai (Dali)	922
326676	iɛ p'i 73	sickle		Dell-Bai	1793	Bai (Dali)	923
326677	io tsw 14	grapefruit		Dell-Bai	1793	Bai (Dali)	924
326678	io 3/4	itching sensation		Dell-Bai	1793	Bai (Dali)	925
326679	io 7	sheep		Dell-Bai	1793	Bai (Dali)	926
326680	io 7	relaxed / released (adj)	adj	Dell-Bai	1793	Bai (Dali)	927
326681	-io 8			Dell-Bai	1793	Bai (Dali)	928
326682	io tsi ts'y 826	guerrilla zone		Dell-Bai	1793	Bai (Dali)	929
326683	ioe 5	carry on one's back, to		Dell-Bai	1793	Bai (Dali)	930
326684	ioe 8	plait / pigtail		Dell-Bai	1793	Bai (Dali)	931
326685	iɔ 2	medicine / medication		Dell-Bai	1793	Bai (Dali)	932
326686	iɔ 5	night		Dell-Bai	1793	Bai (Dali)	933
326687	iɔ xw 54	night (as opposed to day)		Dell-Bai	1793	Bai (Dali)	934
326688	iɔ 6	㇌		Dell-Bai	1793	Bai (Dali)	935
326689	iɔ p'iɔ 81	stamp, postage		Dell-Bai	1793	Bai (Dali)	936
326690	iɔ tiɛ tsy 816	post office		Dell-Bai	1793	Bai (Dali)	937
326691	iw 2	village		Dell-Bai	1793	Bai (Dali)	938
326692	iw 2	eat, to		Dell-Bai	1793	Bai (Dali)	939
326693	iw 6	win, to		Dell-Bai	1793	Bai (Dali)	940
326694	iw 6	preceded in two cases by ta 5		Dell-Bai	1793	Bai (Dali)	941
326695	iw koe 62	jay	n	Dell-Bai	1793	Bai (Dali)	942
326696	iw 7	oil		Dell-Bai	1793	Bai (Dali)	943
326697	o 2	anger		Dell-Bai	1793	Bai (Dali)	944
326698	o 3/4	wall	n	Dell-Bai	1793	Bai (Dali)	945
326699	o 4	lotus		Dell-Bai	1793	Bai (Dali)	946
326700	o sua 76	monkey		Dell-Bai	1793	Bai (Dali)	947
326701	o tsua moe ???	frog		Dell-Bai	1793	Bai (Dali)	948
326702	oe si mi 1:8 1 4:5	between / in		Dell-Bai	1793	Bai (Dali)	949
326703	oe xw 8 3/4	中間; comp. oe si mi 1:8 1 4:5; cf. -xw 3/4		Dell-Bai	1793	Bai (Dali)	950
326704	oe 4	apricot		Dell-Bai	1793	Bai (Dali)	951
326705	oe pɔ 67	under / underneath		Dell-Bai	1793	Bai (Dali)	952
326706	ɔ liɔ liɔ 222	snail		Dell-Bai	1793	Bai (Dali)	953
326707	ɔ 7	crayfish		Dell-Bai	1793	Bai (Dali)	954
326708	ɔ 8	easy		Dell-Bai	1793	Bai (Dali)	955
326709	u ku 66	centipede		Dell-Bai	1793	Bai (Dali)	956
326710	u kue 66	tortoise		Dell-Bai	1793	Bai (Dali)	957
326711	u tɔ 77	nut		Dell-Bai	1793	Bai (Dali)	958
326712	ua 1	several / many		Dell-Bai	1793	Bai (Dali)	959
326713	ua kɔ 12	bury, to		Dell-Bai	1793	Bai (Dali)	960
326714	ua pɔ 27	outside		Dell-Bai	1793	Bai (Dali)	961
326715	ua 8	dig / bore, to		Dell-Bai	1793	Bai (Dali)	962
326716	ua tsi 8?	cultivate, to		Dell-Bai	1793	Bai (Dali)	963
326717	ue tsiw 12	scarf / muffler		Dell-Bai	1793	Bai (Dali)	964
326718	ue 3	eye		Dell-Bai	1793	Bai (Dali)	965
326719	ue pe 37	eyelid		Dell-Bai	1793	Bai (Dali)	966
326720	ue sv 31	eyes, the two		Dell-Bai	1793	Bai (Dali)	967
326721	ue tua 35	start / jump		Dell-Bai	1793	Bai (Dali)	968
326722	ue 6	lukewarm		Dell-Bai	1793	Bai (Dali)	969
326723	ue 7	circular		Dell-Bai	1793	Bai (Dali)	970
326724	uɛ xa 18	secular, uninitiated		Dell-Bai	1793	Bai (Dali)	971
326725	uɛ zi 12	jacket		Dell-Bai	1793	Bai (Dali)	972
326726	-uɛ 2			Dell-Bai	1793	Bai (Dali)	973
326727	uɛ fv 22	father-in-law		Dell-Bai	1793	Bai (Dali)	974
326728	uɛ mu 2 3/4	mother-in-law (wife's mother)		Dell-Bai	1793	Bai (Dali)	975
326729	uɛ 7	amuse oneself, to		Dell-Bai	1793	Bai (Dali)	976
326730	uoe 6	crooked		Dell-Bai	1793	Bai (Dali)	977
326731	uoe 6	broken		Dell-Bai	1793	Bai (Dali)	978
326732	uoe 8	write, to		Dell-Bai	1793	Bai (Dali)	979
326733	v 3̱	spouse		Dell-Bai	1793	Bai (Dali)	980
326734	v si 32	rain	n	Dell-Bai	1793	Bai (Dali)	981
326735	v li 6 3/4	competent		Dell-Bai	1793	Bai (Dali)	982
326736	v 7	pull out of water, to		Dell-Bai	1793	Bai (Dali)	983
326737	v 7	madman		Dell-Bai	1793	Bai (Dali)	984
326738	v 7	cloud		Dell-Bai	1793	Bai (Dali)	985
326739	w 2	abuse / insult, to		Dell-Bai	1793	Bai (Dali)	986
326740	w 3	drink, to		Dell-Bai	1793	Bai (Dali)	987
326741	w 3/4	lining		Dell-Bai	1793	Bai (Dali)	988
326742	w sua 32	year, another		Dell-Bai	1793	Bai (Dali)	989
326743	w tɔ w 333	behind		Dell-Bai	1793	Bai (Dali)	990
326744	w 6	call, to		Dell-Bai	1793	Bai (Dali)	991
326745	w 8	study / read, to		Dell-Bai	1793	Bai (Dali)	992
326746	y moe 16	corn		Dell-Bai	1793	Bai (Dali)	993
326747	y mi 15	corn		Dell-Bai	1793	Bai (Dali)	994
326748	y 2	jade		Dell-Bai	1793	Bai (Dali)	995
326749	y 2	meet / run into, to		Dell-Bai	1793	Bai (Dali)	996
326750	y 5	meet / run into, to		Dell-Bai	1793	Bai (Dali)	997
326751	y tö 22	cf. y 2 ('meet / run into, to'), -tö 2:3		Dell-Bai	1793	Bai (Dali)	998
326752	y 3/4	revolve / pivot, to		Dell-Bai	1793	Bai (Dali)	999
326753	yɛ yɛ 84	lychee (type of)		Dell-Bai	1793	Bai (Dali)	1000
